simName,height,width,agentCount,holeCount,tileCount,homeCount,obstacleCount,energy,changeInterval,simName,height,width,agentCount,holeCount,tileCount,homeCount,obstacleCount,energy,changeInterval
TileWorld_1,50,100,2,30,30,2,20,500,100,TileWorld_2,50,100,2,60,60,2,40,500,100

tick,agent,score,energy,location,target
1.0,2,0,499,[18, 33],[16, 31]
1.0,1,0,499,[86, 41],[83, 44]
2.0,2,0,499,[18, 33],[16, 31]
2.0,1,0,499,[86, 41],[83, 44]
3.0,1,0,497,[84, 43],[83, 44]
3.0,2,0,497,[16, 31],null
4.0,1,0,497,[84, 43],[83, 44]
4.0,2,0,497,[16, 31],null
5.0,2,0,497,[16, 31],null
5.0,1,0,496,[83, 44],null
6.0,2,0,495,[18, 31],null
6.0,1,0,494,[81, 44],null
7.0,2,0,495,[18, 31],null
7.0,1,0,494,[81, 44],null
8.0,1,0,494,[81, 44],null
8.0,2,0,495,[18, 31],null
9.0,1,0,493,[82, 43],[83, 42]
9.0,2,0,494,[18, 30],[18, 28]
10.0,2,0,493,[18, 29],[18, 28]
10.0,1,0,492,[83, 42],null
11.0,2,0,492,[18, 28],null
11.0,1,2,491,[82, 41],null
12.0,1,2,491,[82, 41],null
12.0,2,0,492,[18, 28],null
13.0,1,2,490,[81, 41],[78, 41]
13.0,2,0,491,[18, 27],[19, 26]
14.0,2,0,490,[19, 26],null
14.0,1,2,489,[80, 41],[78, 41]
15.0,2,10,490,[19, 26],null
15.0,1,2,488,[79, 41],[78, 41]
16.0,1,2,487,[78, 41],null
16.0,2,10,489,[20, 25],[21, 24]
17.0,2,10,488,[21, 24],null
17.0,1,10,487,[78, 41],null
18.0,2,10,487,[22, 23],[25, 20]
18.0,1,10,485,[78, 40],[80, 41]
19.0,2,10,487,[22, 23],[25, 20]
19.0,1,10,485,[78, 40],[80, 41]
20.0,2,10,485,[24, 21],[25, 20]
20.0,1,10,483,[80, 41],null
21.0,1,10,482,[79, 40],[76, 37]
21.0,2,10,484,[25, 20],null
22.0,1,10,482,[79, 40],[76, 37]
22.0,2,10,484,[25, 20],null
23.0,1,10,481,[78, 39],[76, 37]
23.0,2,14,484,[25, 20],null
24.0,1,10,480,[77, 38],[76, 37]
24.0,2,14,483,[26, 20],[29, 19]
25.0,1,10,479,[76, 37],null
25.0,2,14,482,[27, 20],[29, 19]
26.0,2,14,480,[29, 19],null
26.0,1,10,477,[77, 38],null
27.0,1,10,477,[77, 38],null
27.0,2,14,480,[29, 19],null
28.0,2,14,478,[31, 19],[33, 20]
28.0,1,10,475,[78, 36],[81, 33]
29.0,1,10,474,[79, 35],[81, 33]
29.0,2,14,477,[32, 19],[33, 20]
30.0,2,14,476,[33, 20],null
30.0,1,10,473,[80, 34],[81, 33]
31.0,1,10,473,[80, 34],[81, 33]
31.0,2,14,476,[33, 20],null
32.0,2,14,475,[32, 20],[20, 33]
32.0,1,10,472,[81, 33],null
33.0,2,14,475,[32, 20],[20, 33]
33.0,1,10,472,[81, 33],null
34.0,1,10,470,[81, 35],[79, 37]
34.0,2,14,473,[30, 22],[20, 33]
35.0,1,10,470,[81, 35],[79, 37]
35.0,2,14,473,[30, 22],[20, 33]
36.0,2,14,472,[29, 23],[20, 33]
36.0,1,10,469,[80, 36],[79, 37]
37.0,1,10,468,[79, 37],null
37.0,2,14,471,[28, 24],[20, 33]
38.0,2,14,469,[26, 26],[20, 33]
38.0,1,16,467,[78, 38],null
39.0,2,14,469,[26, 26],[20, 33]
39.0,1,16,467,[78, 38],null
40.0,1,16,465,[78, 40],[78, 42]
40.0,2,14,467,[24, 28],[20, 33]
41.0,1,16,465,[78, 40],[78, 42]
41.0,2,14,467,[24, 28],[20, 33]
42.0,2,14,466,[23, 29],[20, 33]
42.0,1,16,464,[78, 41],[78, 42]
43.0,2,14,464,[22, 31],[20, 33]
43.0,1,16,462,[78, 43],[79, 46]
44.0,1,16,461,[78, 44],[79, 46]
44.0,2,14,463,[21, 32],[20, 33]
45.0,2,14,462,[20, 33],null
45.0,1,16,460,[78, 45],[79, 46]
46.0,1,16,460,[78, 45],[79, 46]
46.0,2,14,462,[20, 33],null
47.0,1,16,458,[78, 46],[77, 46]
47.0,2,15,461,[20, 32],[22, 29]
48.0,2,15,461,[20, 32],[22, 29]
48.0,1,16,458,[78, 46],[77, 46]
49.0,2,15,460,[20, 31],[22, 29]
49.0,1,16,457,[77, 46],null
50.0,2,15,459,[21, 30],[22, 29]
50.0,1,16,456,[76, 46],[75, 45]
51.0,1,16,455,[75, 45],null
51.0,2,15,458,[22, 29],null
52.0,2,15,457,[23, 28],[24, 27]
52.0,1,16,454,[74, 45],[73, 45]
53.0,2,15,456,[24, 27],null
53.0,1,16,453,[73, 45],null
54.0,1,16,452,[72, 45],[69, 46]
54.0,2,15,456,[24, 27],null
55.0,1,16,451,[71, 45],[69, 46]
55.0,2,15,455,[23, 26],[13, 34]
56.0,1,16,449,[69, 46],null
56.0,2,15,453,[21, 28],[13, 34]
57.0,1,16,449,[69, 46],null
57.0,2,15,453,[21, 28],[13, 34]
58.0,1,16,447,[69, 48],[68, 49]
58.0,2,15,451,[19, 30],[13, 34]
59.0,2,15,450,[18, 31],[13, 34]
59.0,1,16,446,[68, 49],null
60.0,2,15,449,[17, 32],[13, 34]
60.0,1,16,446,[68, 49],null
61.0,1,16,446,[68, 49],null
61.0,2,15,449,[17, 32],[13, 34]
62.0,1,16,446,[68, 49],null
62.0,2,15,448,[16, 32],[13, 34]
63.0,2,15,447,[15, 32],[13, 34]
63.0,1,16,445,[69, 49],[71, 1]
64.0,2,15,446,[14, 33],[13, 34]
64.0,1,16,444,[70, 0],[71, 1]
65.0,2,16,445,[13, 34],null
65.0,1,16,442,[71, 2],[69, 4]
66.0,2,16,444,[13, 33],null
66.0,1,16,441,[70, 3],[69, 4]
67.0,1,16,440,[69, 4],null
67.0,2,16,443,[13, 34],[14, 36]
68.0,1,16,439,[68, 4],[65, 6]
68.0,2,16,442,[13, 35],[14, 36]
69.0,2,16,441,[14, 36],null
69.0,1,16,438,[67, 4],[65, 6]
70.0,2,16,441,[14, 36],null
70.0,1,16,437,[66, 5],[65, 6]
71.0,1,16,437,[66, 5],[65, 6]
71.0,2,16,441,[14, 36],null
72.0,2,16,439,[13, 34],[12, 33]
72.0,1,16,435,[66, 6],[69, 6]
73.0,1,16,434,[67, 6],[69, 6]
73.0,2,16,438,[12, 33],null
74.0,1,16,434,[67, 6],[69, 6]
74.0,2,16,438,[12, 33],null
75.0,1,16,432,[69, 6],null
75.0,2,16,437,[11, 32],[8, 29]
76.0,1,16,432,[69, 6],null
76.0,2,16,437,[11, 32],[8, 29]
77.0,1,16,430,[67, 6],[66, 7]
77.0,2,16,435,[9, 30],[8, 29]
78.0,2,16,434,[8, 29],null
78.0,1,16,429,[66, 7],null
79.0,2,19,434,[8, 29],null
79.0,1,16,428,[66, 6],[65, 3]
80.0,2,19,433,[8, 30],[11, 33]
80.0,1,16,427,[66, 5],[65, 3]
81.0,2,19,433,[8, 30],[11, 33]
81.0,1,16,427,[66, 5],[65, 3]
82.0,1,16,426,[66, 4],[65, 3]
82.0,2,19,432,[9, 31],[11, 33]
83.0,2,19,431,[10, 32],[11, 33]
83.0,1,16,425,[65, 3],null
84.0,1,16,424,[65, 2],[64, 49]
84.0,2,19,430,[11, 33],null
85.0,2,19,429,[11, 34],null
85.0,1,16,423,[65, 1],[64, 49]
86.0,2,19,428,[12, 34],[15, 33]
86.0,1,16,422,[65, 0],[64, 49]
87.0,1,16,420,[63, 49],[61, 0]
87.0,2,19,426,[14, 34],[15, 33]
88.0,1,16,420,[63, 49],[61, 0]
88.0,2,19,426,[14, 34],[15, 33]
89.0,2,19,425,[15, 33],null
89.0,1,16,419,[62, 49],[61, 0]
90.0,2,19,424,[14, 33],[11, 36]
90.0,1,16,418,[61, 0],null
91.0,2,19,423,[13, 34],[11, 36]
91.0,1,16,417,[60, 0],[57, 49]
92.0,1,16,415,[58, 0],[57, 49]
92.0,2,19,421,[11, 36],null
93.0,1,16,414,[57, 49],null
93.0,2,19,420,[10, 37],[8, 39]
94.0,2,19,419,[9, 38],[8, 39]
94.0,1,16,414,[57, 49],null
95.0,1,16,413,[57, 0],[57, 2]
95.0,2,19,418,[8, 39],null
96.0,2,19,418,[8, 39],null
96.0,1,16,413,[57, 0],[57, 2]
97.0,1,16,412,[57, 1],[57, 2]
97.0,2,19,418,[8, 39],null
98.0,1,24,411,[57, 2],null
98.0,2,19,416,[6, 39],[5, 38]
99.0,1,24,411,[57, 2],null
99.0,2,19,416,[6, 39],[5, 38]
100.0,1,24,410,[58, 2],[60, 2]
100.0,2,19,415,[5, 38],null
101.0,2,19,413,[7, 39],[8, 40]
101.0,1,24,408,[60, 2],null
102.0,1,24,408,[60, 2],null
102.0,2,19,413,[7, 39],[8, 40]
103.0,2,19,412,[8, 40],null
103.0,1,24,407,[59, 3],[56, 6]
104.0,2,19,411,[9, 40],[10, 39]
104.0,1,24,406,[58, 4],[56, 6]
105.0,2,19,409,[10, 40],[9, 41]
105.0,1,24,404,[56, 6],null
106.0,1,24,404,[56, 6],null
106.0,2,19,408,[9, 41],null
107.0,1,24,403,[55, 6],[54, 5]
107.0,2,19,407,[10, 41],[11, 40]
108.0,2,19,407,[10, 41],[11, 40]
108.0,1,24,403,[55, 6],[54, 5]
109.0,1,29,402,[54, 5],null
109.0,2,19,405,[11, 39],[11, 36]
110.0,1,29,401,[54, 4],[53, 3]
110.0,2,19,404,[11, 38],[11, 36]
111.0,2,19,403,[11, 37],[11, 36]
111.0,1,29,400,[53, 3],null
112.0,1,29,400,[53, 3],null
112.0,2,19,403,[11, 37],[11, 36]
113.0,1,29,399,[54, 2],[85, 30]
113.0,2,19,401,[10, 36],[7, 33]
114.0,1,29,398,[55, 1],[85, 30]
114.0,2,19,401,[10, 36],[7, 33]
115.0,1,29,398,[55, 1],[85, 30]
115.0,2,19,401,[10, 36],[7, 33]
116.0,2,19,399,[8, 34],[7, 33]
116.0,1,29,396,[57, 49],[85, 30]
117.0,1,29,396,[57, 49],[85, 30]
117.0,2,19,399,[8, 34],[7, 33]
118.0,2,19,398,[7, 33],null
118.0,1,29,395,[58, 48],[85, 30]
119.0,2,28,398,[7, 33],null
119.0,1,29,394,[59, 47],[85, 30]
120.0,2,28,397,[6, 33],[4, 32]
120.0,1,29,393,[60, 46],[85, 30]
121.0,1,29,391,[62, 44],[85, 30]
121.0,2,28,395,[4, 32],null
122.0,2,28,394,[4, 31],[3, 30]
122.0,1,29,390,[63, 43],[85, 30]
123.0,1,29,389,[64, 42],[85, 30]
123.0,2,28,393,[3, 30],null
124.0,1,29,388,[65, 41],[85, 30]
124.0,2,28,392,[2, 30],[99, 32]
125.0,2,28,391,[1, 30],[99, 32]
125.0,1,29,387,[66, 40],[85, 30]
126.0,2,28,390,[0, 31],[99, 32]
126.0,1,29,386,[67, 39],[85, 30]
127.0,1,29,385,[68, 38],[85, 30]
127.0,2,28,389,[99, 32],null
128.0,2,36,389,[99, 32],null
128.0,1,29,384,[69, 37],[85, 30]
129.0,2,36,388,[98, 32],[96, 33]
129.0,1,29,383,[70, 36],[85, 30]
130.0,1,29,383,[70, 36],[85, 30]
130.0,2,36,388,[98, 32],[96, 33]
131.0,2,36,386,[96, 33],null
131.0,1,29,381,[72, 34],[85, 30]
132.0,1,29,380,[73, 33],[85, 30]
132.0,2,36,386,[96, 33],null
133.0,1,29,379,[74, 32],[85, 30]
133.0,2,36,385,[96, 34],[96, 35]
134.0,1,29,379,[74, 32],[85, 30]
134.0,2,36,385,[96, 34],[96, 35]
135.0,1,29,377,[76, 30],[85, 30]
135.0,2,36,384,[96, 35],null
136.0,1,29,376,[77, 29],[85, 30]
136.0,2,36,383,[95, 36],[92, 39]
137.0,2,36,383,[95, 36],[92, 39]
137.0,1,29,376,[77, 29],[85, 30]
138.0,2,36,382,[94, 37],[92, 39]
138.0,1,29,375,[78, 30],[85, 30]
139.0,1,29,373,[80, 30],[85, 30]
139.0,2,36,380,[92, 39],null
140.0,1,29,373,[80, 30],[85, 30]
140.0,2,36,380,[92, 39],null
141.0,1,29,372,[81, 29],[85, 30]
141.0,2,36,380,[92, 39],null
142.0,2,38,379,[93, 39],null
142.0,1,29,371,[82, 29],[85, 30]
143.0,1,29,370,[83, 29],[85, 30]
143.0,2,38,378,[92, 39],[89, 40]
144.0,1,29,369,[84, 29],[85, 30]
144.0,2,38,377,[91, 39],[89, 40]
145.0,1,29,368,[85, 30],null
145.0,2,38,376,[90, 39],[89, 40]
146.0,1,38,368,[85, 30],null
146.0,2,38,375,[89, 40],null
147.0,2,38,373,[87, 41],null
147.0,1,38,366,[83, 28],[81, 26]
148.0,2,38,373,[87, 41],null
148.0,1,38,365,[82, 27],[81, 26]
149.0,1,38,365,[82, 27],[81, 26]
149.0,2,38,373,[87, 41],null
150.0,2,38,371,[89, 41],[91, 42]
150.0,1,38,363,[82, 26],[85, 28]
151.0,2,38,370,[90, 41],[91, 42]
151.0,1,38,362,[83, 26],[85, 28]
152.0,1,38,361,[84, 27],[85, 28]
152.0,2,38,369,[91, 42],null
153.0,1,38,360,[85, 28],null
153.0,2,44,369,[91, 42],null
154.0,2,44,369,[91, 42],null
154.0,1,38,360,[85, 28],null
155.0,1,38,358,[87, 28],[89, 26]
155.0,2,44,367,[89, 42],[88, 41]
156.0,2,44,366,[88, 41],null
156.0,1,38,357,[88, 27],[89, 26]
157.0,2,44,365,[87, 42],[84, 45]
157.0,1,38,356,[89, 26],null
158.0,1,38,355,[90, 26],[93, 27]
158.0,2,44,364,[86, 43],[84, 45]
159.0,1,38,354,[91, 26],[93, 27]
159.0,2,44,363,[85, 44],[84, 45]
160.0,1,38,354,[91, 26],[93, 27]
160.0,2,44,363,[85, 44],[84, 45]
161.0,1,38,353,[92, 26],[93, 27]
161.0,2,44,362,[84, 45],null
162.0,1,38,351,[94, 27],null
162.0,2,44,361,[84, 44],[86, 42]
163.0,2,44,361,[84, 44],[86, 42]
163.0,1,38,351,[94, 27],null
164.0,1,38,349,[96, 25],[97, 24]
164.0,2,44,359,[86, 42],null
165.0,2,44,358,[86, 43],[87, 45]
165.0,1,38,348,[97, 24],null
166.0,2,44,357,[86, 44],[87, 45]
166.0,1,38,347,[97, 25],[98, 26]
167.0,2,44,357,[86, 44],[87, 45]
167.0,1,38,347,[97, 25],[98, 26]
168.0,2,44,356,[87, 45],null
168.0,1,38,346,[98, 26],null
169.0,1,38,344,[0, 26],[1, 25]
169.0,2,44,354,[85, 44],[84, 43]
170.0,1,38,344,[0, 26],[1, 25]
170.0,2,44,354,[85, 44],[84, 43]
171.0,1,38,343,[1, 25],null
171.0,2,44,353,[84, 43],null
172.0,1,38,342,[2, 25],[3, 25]
172.0,2,44,352,[84, 44],[83, 45]
173.0,2,44,351,[83, 45],null
173.0,1,38,341,[3, 25],null
174.0,1,38,340,[4, 25],[7, 23]
174.0,2,44,350,[82, 44],[81, 43]
175.0,2,44,349,[81, 43],null
175.0,1,38,339,[5, 25],[7, 23]
176.0,1,38,338,[6, 24],[7, 23]
176.0,2,44,348,[81, 44],[84, 47]
177.0,2,44,347,[82, 45],[84, 47]
177.0,1,38,338,[6, 24],[7, 23]
178.0,2,44,346,[83, 46],[84, 47]
178.0,1,38,337,[7, 23],null
179.0,2,44,344,[85, 47],[87, 49]
179.0,1,42,336,[8, 23],[9, 22]
180.0,1,42,336,[8, 23],[9, 22]
180.0,2,44,344,[85, 47],[87, 49]
181.0,1,42,335,[9, 22],null
181.0,2,44,343,[86, 48],[87, 49]
182.0,2,44,341,[87, 48],[84, 45]
182.0,1,42,333,[7, 22],[5, 24]
183.0,1,42,332,[6, 23],[5, 24]
183.0,2,44,340,[86, 47],[84, 45]
184.0,2,44,340,[86, 47],[84, 45]
184.0,1,42,332,[6, 23],[5, 24]
185.0,1,42,330,[5, 23],[7, 20]
185.0,2,44,338,[84, 45],null
186.0,2,44,337,[85, 44],[87, 42]
186.0,1,42,329,[5, 22],[7, 20]
187.0,2,44,337,[85, 44],[87, 42]
187.0,1,42,329,[5, 22],[7, 20]
188.0,2,44,336,[86, 43],[87, 42]
188.0,1,42,328,[6, 21],[7, 20]
189.0,2,44,334,[87, 43],[88, 46]
189.0,1,42,326,[7, 19],[5, 16]
190.0,1,42,326,[7, 19],[5, 16]
190.0,2,44,334,[87, 43],[88, 46]
191.0,2,44,333,[87, 44],[88, 46]
191.0,1,42,325,[6, 18],[5, 16]
192.0,1,42,324,[6, 17],[5, 16]
192.0,2,44,332,[87, 45],[88, 46]
193.0,2,44,330,[89, 46],[92, 49]
193.0,1,42,323,[5, 16],null
194.0,1,42,323,[5, 16],null
194.0,2,44,330,[89, 46],[92, 49]
195.0,1,42,322,[5, 17],[5, 19]
195.0,2,44,329,[90, 47],[92, 49]
196.0,2,44,327,[92, 49],null
196.0,1,42,320,[5, 19],null
197.0,1,42,320,[5, 19],null
197.0,2,44,327,[92, 49],null
198.0,1,42,318,[5, 21],[4, 23]
198.0,2,44,325,[92, 1],null
199.0,1,42,318,[5, 21],[4, 23]
199.0,2,44,325,[92, 1],null
200.0,2,47,325,[92, 1],null
200.0,1,42,317,[5, 22],[4, 23]
201.0,2,47,323,[92, 3],[92, 4]
201.0,1,42,315,[3, 23],[2, 24]
202.0,2,47,322,[92, 4],null
202.0,1,42,314,[2, 24],null
203.0,2,47,322,[92, 4],null
203.0,1,42,314,[2, 24],null
204.0,2,47,320,[94, 5],[96, 7]
204.0,1,42,312,[4, 24],[5, 23]
205.0,2,47,319,[95, 6],[96, 7]
205.0,1,42,311,[5, 23],null
206.0,2,47,318,[96, 7],null
206.0,1,42,310,[4, 23],[3, 23]
207.0,2,47,318,[96, 7],null
207.0,1,42,310,[4, 23],[3, 23]
208.0,1,42,308,[3, 22],[5, 20]
208.0,2,47,316,[98, 9],null
209.0,1,42,308,[3, 22],[5, 20]
209.0,2,47,316,[98, 9],null
210.0,1,42,307,[4, 21],[5, 20]
210.0,2,47,316,[98, 9],null
211.0,1,42,305,[6, 20],[9, 20]
211.0,2,47,314,[99, 11],null
212.0,1,42,304,[7, 20],[9, 20]
212.0,2,55,314,[99, 11],null
213.0,1,42,304,[7, 20],[9, 20]
213.0,2,55,314,[99, 11],null
214.0,2,55,313,[99, 12],[2, 15]
214.0,1,42,303,[8, 20],[9, 20]
215.0,2,55,311,[1, 14],[2, 15]
215.0,1,42,301,[9, 21],[12, 24]
216.0,2,55,311,[1, 14],[2, 15]
216.0,1,42,301,[9, 21],[12, 24]
217.0,2,55,310,[2, 15],null
217.0,1,42,300,[10, 22],[12, 24]
218.0,1,42,298,[12, 24],null
218.0,2,55,308,[0, 15],[98, 16]
219.0,1,42,298,[12, 24],null
219.0,2,55,308,[0, 15],[98, 16]
220.0,1,42,297,[11, 24],[8, 23]
220.0,2,55,307,[99, 15],[98, 16]
221.0,1,42,296,[10, 24],[8, 23]
221.0,2,55,306,[98, 16],null
222.0,2,55,305,[99, 16],[2, 13]
222.0,1,42,294,[8, 23],null
223.0,2,55,304,[0, 15],[2, 13]
223.0,1,42,293,[8, 24],[10, 26]
224.0,1,42,292,[9, 25],[10, 26]
224.0,2,55,303,[1, 14],[2, 13]
225.0,1,42,291,[10, 26],null
225.0,2,55,302,[2, 13],null
226.0,2,55,302,[2, 13],null
226.0,1,42,291,[10, 26],null
227.0,2,64,301,[3, 14],null
227.0,1,42,289,[10, 27],[12, 29]
228.0,1,42,289,[10, 27],[12, 29]
228.0,2,64,301,[3, 14],null
229.0,1,42,288,[11, 28],[12, 29]
229.0,2,64,300,[4, 15],null
230.0,2,64,298,[5, 13],[7, 11]
230.0,1,42,286,[12, 30],[13, 31]
231.0,1,42,286,[12, 30],[13, 31]
231.0,2,64,298,[5, 13],[7, 11]
232.0,2,64,296,[7, 11],null
232.0,1,42,284,[14, 31],[17, 31]
233.0,1,42,284,[14, 31],[17, 31]
233.0,2,64,296,[7, 11],null
234.0,1,42,283,[15, 31],[17, 31]
234.0,2,64,295,[7, 10],[8, 8]
235.0,2,64,293,[8, 8],null
235.0,1,42,281,[17, 31],null
236.0,2,64,293,[8, 8],null
236.0,1,42,281,[17, 31],null
237.0,1,42,280,[16, 32],[14, 34]
237.0,2,64,292,[7, 7],[99, 5]
238.0,1,42,280,[16, 32],[14, 34]
238.0,2,64,292,[7, 7],[99, 5]
239.0,1,42,279,[15, 33],[14, 34]
239.0,2,64,291,[6, 6],[99, 5]
240.0,1,42,278,[14, 34],null
240.0,2,64,290,[5, 5],[99, 5]
241.0,2,64,288,[3, 3],[99, 5]
241.0,1,42,276,[14, 32],[12, 30]
242.0,2,64,288,[3, 3],[99, 5]
242.0,1,42,276,[14, 32],[12, 30]
243.0,1,42,274,[12, 30],null
243.0,2,64,286,[1, 3],[99, 5]
244.0,2,64,285,[0, 4],[99, 5]
244.0,1,42,273,[13, 30],[16, 28]
245.0,2,64,284,[99, 5],null
245.0,1,42,272,[14, 30],[16, 28]
246.0,1,42,272,[14, 30],[16, 28]
246.0,2,64,284,[99, 5],null
247.0,2,65,283,[0, 5],[3, 6]
247.0,1,42,270,[16, 28],null
248.0,1,42,270,[16, 28],null
248.0,2,65,283,[0, 5],[3, 6]
249.0,2,65,281,[2, 5],[3, 6]
249.0,1,42,268,[17, 30],null
250.0,2,65,280,[3, 6],null
250.0,1,42,267,[17, 31],[17, 33]
251.0,1,42,266,[17, 32],[17, 33]
251.0,2,65,280,[3, 6],null
252.0,2,65,279,[2, 6],[96, 2]
252.0,1,42,265,[17, 33],null
253.0,2,65,278,[1, 5],[96, 2]
253.0,1,42,264,[17, 34],[16, 36]
254.0,1,42,264,[17, 34],[16, 36]
254.0,2,65,278,[1, 5],[96, 2]
255.0,1,42,262,[16, 36],null
255.0,2,65,276,[99, 4],[96, 2]
256.0,1,42,262,[16, 36],null
256.0,2,65,276,[99, 4],[96, 2]
257.0,2,65,274,[97, 3],[96, 2]
257.0,1,42,260,[18, 36],[20, 34]
258.0,2,65,274,[97, 3],[96, 2]
258.0,1,42,260,[18, 36],[20, 34]
259.0,1,42,258,[20, 34],null
259.0,2,68,273,[96, 2],null
260.0,2,68,272,[96, 1],[94, 48]
260.0,1,42,257,[20, 35],[23, 38]
261.0,2,68,271,[96, 0],[94, 48]
261.0,1,42,256,[21, 36],[23, 38]
262.0,1,42,255,[22, 37],[23, 38]
262.0,2,68,270,[95, 49],[94, 48]
263.0,2,68,270,[95, 49],[94, 48]
263.0,1,42,255,[22, 37],[23, 38]
264.0,2,68,269,[94, 48],null
264.0,1,42,253,[24, 38],[25, 37]
265.0,2,68,268,[93, 49],[95, 6]
265.0,1,42,252,[25, 37],null
266.0,1,42,251,[26, 36],[28, 34]
266.0,2,68,267,[92, 0],[95, 6]
267.0,2,68,266,[93, 1],[95, 6]
267.0,1,42,250,[27, 35],[28, 34]
268.0,2,68,265,[93, 2],[95, 6]
268.0,1,42,249,[28, 34],null
269.0,1,42,249,[28, 34],null
269.0,2,68,264,[93, 3],[95, 6]
270.0,1,42,248,[29, 33],null
270.0,2,68,263,[93, 4],[95, 6]
271.0,1,42,247,[28, 32],null
271.0,2,68,262,[94, 5],[95, 6]
272.0,2,68,262,[94, 5],[95, 6]
272.0,1,42,247,[28, 32],null
273.0,1,42,246,[29, 32],[32, 31]
273.0,2,68,261,[95, 6],null
274.0,1,42,244,[31, 32],[32, 31]
274.0,2,77,260,[95, 7],[94, 10]
275.0,2,77,259,[95, 8],[94, 10]
275.0,1,42,243,[32, 31],null
276.0,1,42,242,[31, 31],[28, 32]
276.0,2,77,258,[95, 9],[94, 10]
277.0,1,42,241,[30, 31],[28, 32]
277.0,2,77,257,[94, 10],null
278.0,1,42,240,[29, 31],[28, 32]
278.0,2,77,256,[93, 10],[90, 7]
279.0,2,77,256,[93, 10],[90, 7]
279.0,1,42,240,[29, 31],[28, 32]
280.0,1,42,238,[29, 31],[32, 28]
280.0,2,77,254,[91, 8],[90, 7]
281.0,1,42,238,[29, 31],[32, 28]
281.0,2,77,254,[91, 8],[90, 7]
282.0,1,42,236,[31, 29],[32, 28]
282.0,2,77,252,[90, 6],[88, 3]
283.0,1,42,235,[32, 28],null
283.0,2,77,251,[90, 5],[88, 3]
284.0,1,42,235,[32, 28],null
284.0,2,77,251,[90, 5],[88, 3]
285.0,2,77,249,[88, 3],null
285.0,1,42,233,[34, 28],[36, 26]
286.0,2,77,249,[88, 3],null
286.0,1,42,233,[34, 28],[36, 26]
287.0,2,77,248,[88, 2],[89, 0]
287.0,1,42,232,[35, 27],[36, 26]
288.0,1,42,230,[36, 25],[37, 23]
288.0,2,77,246,[89, 0],null
289.0,2,77,245,[88, 0],[85, 49]
289.0,1,42,229,[36, 24],[37, 23]
290.0,1,42,228,[37, 23],null
290.0,2,77,244,[87, 0],[85, 49]
291.0,1,42,227,[37, 22],[36, 20]
291.0,2,77,243,[86, 0],[85, 49]
292.0,1,42,226,[37, 21],[36, 20]
292.0,2,77,242,[85, 49],null
293.0,2,77,242,[85, 49],null
293.0,1,42,226,[37, 21],[36, 20]
294.0,1,42,224,[36, 19],[36, 18]
294.0,2,77,240,[83, 0],[82, 1]
295.0,2,77,239,[82, 1],null
295.0,1,42,223,[36, 18],null
296.0,1,42,223,[36, 18],null
296.0,2,77,239,[82, 1],null
297.0,2,77,238,[82, 0],[83, 47]
297.0,1,42,222,[37, 18],[39, 20]
298.0,1,42,222,[37, 18],[39, 20]
298.0,2,77,238,[82, 0],[83, 47]
299.0,1,42,221,[38, 19],[39, 20]
299.0,2,77,237,[82, 49],[83, 47]
300.0,1,42,219,[38, 21],[37, 22]
300.0,2,77,235,[83, 47],null
301.0,1,42,219,[38, 21],[37, 22]
301.0,2,77,235,[83, 47],null
302.0,2,77,233,[83, 45],[82, 43]
302.0,1,42,217,[37, 23],[38, 25]
303.0,1,42,216,[37, 24],[38, 25]
303.0,2,77,232,[83, 44],[82, 43]
304.0,2,77,232,[83, 44],[82, 43]
304.0,1,42,216,[37, 24],[38, 25]
305.0,2,77,231,[82, 43],null
305.0,1,42,215,[38, 25],null
306.0,2,77,230,[83, 43],[86, 41]
306.0,1,44,215,[38, 25],null
307.0,2,77,229,[84, 43],[86, 41]
307.0,1,44,214,[38, 26],[39, 28]
308.0,1,44,212,[39, 28],null
308.0,2,77,227,[86, 41],null
309.0,1,44,211,[39, 27],[37, 24]
309.0,2,77,226,[87, 41],[90, 38]
310.0,2,77,226,[87, 41],[90, 38]
310.0,1,44,211,[39, 27],[37, 24]
311.0,2,77,224,[89, 39],[90, 38]
311.0,1,44,209,[38, 25],[37, 24]
312.0,1,44,208,[37, 24],null
312.0,2,77,223,[90, 38],null
313.0,1,44,207,[38, 24],[39, 25]
313.0,2,77,222,[90, 39],[92, 42]
314.0,2,77,221,[90, 40],[92, 42]
314.0,1,44,206,[39, 25],null
315.0,2,77,220,[91, 41],[92, 42]
315.0,1,44,205,[39, 26],[36, 29]
316.0,2,77,219,[92, 42],null
316.0,1,44,204,[38, 27],[36, 29]
317.0,2,77,218,[91, 41],[89, 39]
317.0,1,44,203,[37, 28],[36, 29]
318.0,1,44,202,[36, 29],null
318.0,2,77,217,[90, 40],[89, 39]
319.0,1,44,201,[36, 30],[34, 33]
319.0,2,77,216,[89, 39],null
320.0,1,44,201,[36, 30],[34, 33]
320.0,2,77,216,[89, 39],null
321.0,2,77,214,[89, 41],[88, 43]
321.0,1,44,199,[35, 32],[34, 33]
322.0,1,44,198,[34, 33],null
322.0,2,77,213,[89, 42],[88, 43]
323.0,1,44,197,[34, 34],[33, 35]
323.0,2,77,212,[88, 43],null
324.0,1,44,196,[33, 35],null
324.0,2,77,211,[87, 43],[86, 43]
325.0,1,44,196,[33, 35],null
325.0,2,77,211,[87, 43],[86, 43]
326.0,2,77,209,[87, 44],[89, 46]
326.0,1,44,194,[31, 35],[29, 33]
327.0,1,44,193,[30, 34],[29, 33]
327.0,2,77,208,[88, 45],[89, 46]
328.0,1,44,193,[30, 34],[29, 33]
328.0,2,77,208,[88, 45],[89, 46]
329.0,2,77,207,[89, 46],null
329.0,1,44,192,[29, 33],null
330.0,2,77,205,[91, 47],[93, 49]
330.0,1,44,190,[31, 31],[32, 30]
331.0,1,44,190,[31, 31],[32, 30]
331.0,2,77,205,[91, 47],[93, 49]
332.0,2,77,203,[93, 49],null
332.0,1,44,188,[32, 29],[33, 28]
333.0,1,44,187,[33, 28],null
333.0,2,77,202,[93, 0],[92, 2]
334.0,2,77,201,[93, 1],[92, 2]
334.0,1,44,186,[32, 27],[30, 25]
335.0,1,44,186,[32, 27],[30, 25]
335.0,2,77,201,[93, 1],[92, 2]
336.0,2,77,199,[92, 1],[93, 1]
336.0,1,44,184,[30, 25],null
337.0,2,77,198,[93, 1],null
337.0,1,44,184,[30, 25],null
338.0,2,77,197,[93, 0],null
338.0,1,46,184,[30, 25],null
339.0,1,46,183,[31, 24],[32, 23]
339.0,2,77,196,[92, 0],[90, 1]
340.0,2,77,196,[92, 0],[90, 1]
340.0,1,46,183,[31, 24],[32, 23]
341.0,1,46,182,[32, 23],null
341.0,2,77,194,[90, 1],null
342.0,2,77,194,[90, 1],null
342.0,1,46,182,[32, 23],null
343.0,2,77,192,[90, 49],[91, 47]
343.0,1,46,180,[31, 25],null
344.0,1,46,180,[31, 25],null
344.0,2,77,192,[90, 49],[91, 47]
345.0,2,77,190,[91, 47],null
345.0,1,55,179,[32, 26],[34, 28]
346.0,1,55,179,[32, 26],[34, 28]
346.0,2,77,190,[91, 47],null
347.0,1,55,178,[33, 27],[34, 28]
347.0,2,77,189,[90, 47],null
348.0,1,55,177,[34, 28],null
348.0,2,77,188,[90, 48],[91, 49]
349.0,1,55,175,[32, 26],null
349.0,2,77,186,[90, 49],[88, 48]
350.0,2,77,185,[89, 49],[88, 48]
350.0,1,55,174,[33, 26],[35, 26]
351.0,2,77,184,[88, 48],null
351.0,1,55,173,[34, 26],[35, 26]
352.0,1,55,173,[34, 26],[35, 26]
352.0,2,77,184,[88, 48],null
353.0,2,77,183,[89, 47],null
353.0,1,55,172,[35, 26],null
354.0,2,77,182,[88, 47],[86, 48]
354.0,1,55,170,[33, 25],[31, 23]
355.0,2,77,182,[88, 47],[86, 48]
355.0,1,55,170,[33, 25],[31, 23]
356.0,2,77,180,[86, 48],null
356.0,1,55,168,[31, 23],null
357.0,2,77,179,[86, 47],[88, 45]
357.0,1,55,167,[31, 22],[31, 20]
358.0,2,77,179,[86, 47],[88, 45]
358.0,1,55,167,[31, 22],[31, 20]
359.0,2,77,178,[87, 46],[88, 45]
359.0,1,55,166,[31, 21],[31, 20]
360.0,1,55,164,[33, 19],[61, 6]
360.0,2,77,176,[88, 44],[86, 42]
361.0,2,77,175,[87, 43],[86, 42]
361.0,1,55,163,[34, 18],[61, 6]
362.0,1,55,163,[34, 18],[61, 6]
362.0,2,77,175,[87, 43],[86, 42]
363.0,2,77,174,[86, 42],null
363.0,1,55,162,[35, 17],[61, 6]
364.0,1,55,160,[37, 15],[61, 6]
364.0,2,77,172,[87, 44],[88, 45]
365.0,2,77,172,[87, 44],[88, 45]
365.0,1,55,160,[37, 15],[61, 6]
366.0,2,77,170,[88, 46],[85, 49]
366.0,1,55,158,[39, 13],[61, 6]
367.0,2,77,169,[87, 47],[85, 49]
367.0,1,55,157,[40, 12],[61, 6]
368.0,2,77,168,[86, 48],[85, 49]
368.0,1,55,156,[41, 11],[61, 6]
369.0,2,77,167,[85, 49],null
369.0,1,55,155,[42, 10],[61, 6]
370.0,1,55,154,[43, 9],[61, 6]
370.0,2,77,166,[85, 48],[86, 45]
371.0,2,77,165,[84, 47],[74, 48]
371.0,1,55,153,[44, 8],[61, 6]
372.0,1,55,152,[45, 7],[61, 6]
372.0,2,77,164,[83, 46],[74, 48]
373.0,1,55,151,[46, 6],[61, 6]
373.0,2,77,163,[82, 45],[74, 48]
374.0,1,55,150,[47, 5],[61, 6]
374.0,2,77,162,[81, 44],[74, 48]
375.0,1,55,150,[47, 5],[61, 6]
375.0,2,77,162,[81, 44],[74, 48]
376.0,2,77,161,[80, 45],[74, 48]
376.0,1,55,149,[48, 6],[61, 6]
377.0,2,77,160,[79, 46],[74, 48]
377.0,1,55,148,[49, 5],[61, 6]
378.0,1,55,147,[50, 6],[61, 6]
378.0,2,77,159,[78, 45],[74, 48]
379.0,2,77,158,[77, 45],[74, 48]
379.0,1,55,146,[51, 5],[61, 6]
380.0,1,55,145,[52, 6],[61, 6]
380.0,2,77,157,[76, 46],[74, 48]
381.0,1,55,144,[53, 5],[61, 6]
381.0,2,77,156,[75, 47],[74, 48]
382.0,1,55,142,[55, 5],[61, 6]
382.0,2,77,499,[74, 49],[73, 0]
383.0,2,77,498,[73, 0],null
383.0,1,55,141,[56, 6],[61, 6]
384.0,2,84,498,[73, 0],null
384.0,1,55,140,[57, 5],[61, 6]
385.0,1,55,140,[57, 5],[61, 6]
385.0,2,84,498,[73, 0],null
386.0,1,55,139,[58, 5],[61, 6]
386.0,2,84,497,[73, 49],null
387.0,2,84,495,[75, 47],[76, 46]
387.0,1,55,137,[60, 5],[61, 6]
388.0,2,84,495,[75, 47],[76, 46]
388.0,1,55,137,[60, 5],[61, 6]
389.0,1,55,500,[61, 6],null
389.0,2,84,494,[76, 46],null
390.0,1,55,498,[61, 8],[64, 11]
390.0,2,84,492,[75, 48],[74, 49]
391.0,2,84,492,[75, 48],[74, 49]
391.0,1,55,498,[61, 8],[64, 11]
392.0,2,84,490,[74, 0],[73, 1]
392.0,1,55,496,[63, 10],[64, 11]
393.0,2,84,489,[73, 1],null
393.0,1,55,495,[64, 11],null
394.0,1,55,494,[65, 11],null
394.0,2,84,488,[73, 2],[73, 4]
395.0,1,55,493,[65, 10],[65, 8]
395.0,2,84,487,[73, 3],[73, 4]
396.0,2,84,486,[73, 4],null
396.0,1,55,493,[65, 10],[65, 8]
397.0,1,55,493,[65, 10],[65, 8]
397.0,2,84,486,[73, 4],null
398.0,2,84,485,[72, 4],[69, 1]
398.0,1,55,492,[65, 9],[65, 8]
399.0,1,55,491,[65, 8],null
399.0,2,84,484,[71, 3],[69, 1]
400.0,2,84,483,[70, 2],[69, 1]
400.0,1,55,490,[65, 9],[63, 12]
401.0,2,84,482,[69, 1],null
401.0,1,55,489,[65, 10],[63, 12]
402.0,1,55,487,[63, 12],null
402.0,2,84,480,[68, 3],null
403.0,1,55,486,[63, 13],[66, 16]
403.0,2,84,479,[68, 4],[69, 5]
404.0,2,84,479,[68, 4],[69, 5]
404.0,1,55,486,[63, 13],[66, 16]
405.0,1,55,485,[64, 14],[66, 16]
405.0,2,84,478,[69, 5],null
406.0,2,84,477,[70, 5],[73, 7]
406.0,1,55,484,[65, 15],[66, 16]
407.0,2,84,475,[72, 6],[73, 7]
407.0,1,55,482,[66, 15],[66, 14]
408.0,1,55,481,[66, 14],null
408.0,2,84,474,[73, 7],null
409.0,2,84,474,[73, 7],null
409.0,1,55,481,[66, 14],null
410.0,1,55,479,[68, 14],[69, 13]
410.0,2,84,472,[75, 7],[76, 7]
411.0,2,84,472,[75, 7],[76, 7]
411.0,1,55,479,[68, 14],[69, 13]
412.0,1,55,478,[69, 13],null
412.0,2,84,471,[76, 7],null
413.0,2,84,470,[77, 8],[79, 10]
413.0,1,55,477,[70, 13],[72, 13]
414.0,2,84,469,[78, 9],[79, 10]
414.0,1,55,476,[71, 13],[72, 13]
415.0,1,55,475,[72, 13],null
415.0,2,84,468,[79, 10],null
416.0,2,84,468,[79, 10],null
416.0,1,55,474,[73, 13],[75, 13]
417.0,2,84,466,[79, 12],[78, 14]
417.0,1,55,472,[75, 13],null
418.0,2,84,465,[79, 13],[78, 14]
418.0,1,55,471,[75, 14],[78, 17]
419.0,1,55,471,[75, 14],[78, 17]
419.0,2,84,465,[79, 13],[78, 14]
420.0,2,84,464,[78, 14],null
420.0,1,55,470,[76, 15],[78, 17]
421.0,2,84,462,[79, 14],[82, 17]
421.0,1,55,468,[78, 17],null
422.0,2,84,461,[80, 15],[82, 17]
422.0,1,55,468,[78, 17],null
423.0,1,55,467,[79, 17],[82, 15]
423.0,2,84,460,[81, 16],[82, 17]
424.0,2,84,459,[82, 17],null
424.0,1,55,466,[80, 17],[82, 15]
425.0,2,84,459,[82, 17],null
425.0,1,55,466,[80, 17],[82, 15]
426.0,1,55,465,[81, 16],[82, 15]
426.0,2,84,458,[82, 16],null
427.0,2,84,456,[82, 14],[82, 13]
427.0,1,55,463,[81, 15],[80, 16]
428.0,1,55,463,[81, 15],[80, 16]
428.0,2,84,456,[82, 14],[82, 13]
429.0,2,84,454,[83, 12],[84, 11]
429.0,1,55,461,[80, 17],[78, 20]
430.0,2,84,454,[83, 12],[84, 11]
430.0,1,55,461,[80, 17],[78, 20]
431.0,2,84,452,[85, 12],null
431.0,1,55,459,[79, 19],[78, 20]
432.0,1,55,459,[79, 19],[78, 20]
432.0,2,84,452,[85, 12],null
433.0,1,55,458,[78, 20],null
433.0,2,84,451,[84, 12],[81, 10]
434.0,1,55,456,[76, 21],[75, 22]
434.0,2,84,449,[82, 11],[81, 10]
435.0,1,55,456,[76, 21],[75, 22]
435.0,2,84,448,[81, 10],null
436.0,1,55,456,[76, 21],[75, 22]
436.0,2,84,448,[81, 10],null
437.0,2,84,447,[82, 10],[84, 9]
437.0,1,55,455,[75, 22],null
438.0,2,84,446,[83, 10],[84, 9]
438.0,1,61,455,[75, 22],null
439.0,1,61,454,[76, 21],[77, 20]
439.0,2,84,445,[84, 9],null
440.0,1,61,452,[76, 21],[74, 23]
440.0,2,84,443,[83, 10],null
441.0,1,61,451,[75, 22],[74, 23]
441.0,2,84,442,[83, 9],[82, 7]
442.0,2,84,442,[83, 9],[82, 7]
442.0,1,61,451,[75, 22],[74, 23]
443.0,2,84,440,[82, 7],null
443.0,1,61,449,[75, 23],[78, 24]
444.0,1,61,448,[76, 23],[78, 24]
444.0,2,84,439,[82, 6],[81, 4]
445.0,2,84,439,[82, 6],[81, 4]
445.0,1,61,448,[76, 23],[78, 24]
446.0,2,84,437,[81, 4],null
446.0,1,61,446,[78, 24],null
447.0,2,84,436,[82, 4],[85, 1]
447.0,1,61,445,[79, 25],[81, 27]
448.0,1,61,444,[80, 26],[81, 27]
448.0,2,84,435,[83, 3],[85, 1]
449.0,2,84,435,[83, 3],[85, 1]
449.0,1,61,444,[80, 26],[81, 27]
450.0,2,84,433,[85, 1],null
450.0,1,67,443,[81, 27],null
451.0,2,84,432,[84, 1],[83, 2]
451.0,1,67,442,[82, 27],[84, 28]
452.0,2,84,432,[84, 1],[83, 2]
452.0,1,67,442,[82, 27],[84, 28]
453.0,1,67,441,[83, 27],[84, 28]
453.0,2,84,431,[83, 2],null
454.0,2,84,429,[83, 0],[81, 48]
454.0,1,67,439,[84, 29],[86, 32]
455.0,2,84,429,[83, 0],[81, 48]
455.0,1,67,439,[84, 29],[86, 32]
456.0,1,67,438,[84, 30],[86, 32]
456.0,2,84,428,[82, 49],[81, 48]
457.0,1,67,437,[85, 31],[86, 32]
457.0,2,84,427,[81, 48],null
458.0,2,84,426,[81, 49],[84, 2]
458.0,1,67,436,[86, 32],null
459.0,2,84,425,[82, 0],[84, 2]
459.0,1,67,436,[86, 32],null
460.0,2,84,423,[84, 2],null
460.0,1,67,434,[88, 31],[89, 30]
461.0,2,84,422,[84, 3],null
461.0,1,67,433,[89, 30],null
462.0,2,84,421,[83, 3],[80, 6]
462.0,1,67,432,[89, 29],[87, 26]
463.0,1,67,432,[89, 29],[87, 26]
463.0,2,84,421,[83, 3],[80, 6]
464.0,1,67,431,[89, 28],[87, 26]
464.0,2,84,420,[82, 4],[80, 6]
465.0,2,84,418,[80, 6],null
465.0,1,67,429,[87, 26],null
466.0,1,67,429,[87, 26],null
466.0,2,84,418,[80, 6],null
467.0,2,84,416,[82, 6],[84, 8]
467.0,1,70,428,[87, 25],[87, 23]
468.0,1,70,427,[87, 24],[87, 23]
468.0,2,84,415,[83, 7],[84, 8]
469.0,1,70,426,[87, 23],null
469.0,2,84,414,[84, 8],null
470.0,1,70,425,[86, 22],[85, 21]
470.0,2,84,413,[83, 8],[80, 6]
471.0,2,84,413,[83, 8],[80, 6]
471.0,1,70,425,[86, 22],[85, 21]
472.0,1,70,423,[84, 21],[83, 22]
472.0,2,84,411,[81, 7],[80, 6]
473.0,2,84,410,[80, 6],null
473.0,1,70,422,[83, 22],null
474.0,2,84,410,[80, 6],null
474.0,1,70,422,[83, 22],null
475.0,1,70,420,[83, 20],null
475.0,2,84,408,[81, 8],[83, 10]
476.0,2,84,408,[81, 8],[83, 10]
476.0,1,70,420,[83, 20],null
477.0,1,70,419,[82, 20],[79, 23]
477.0,2,84,407,[82, 9],[83, 10]
478.0,1,70,418,[81, 21],[79, 23]
478.0,2,84,406,[83, 10],null
479.0,1,70,417,[80, 22],[79, 23]
479.0,2,84,405,[84, 10],[87, 13]
480.0,2,84,403,[86, 12],[87, 13]
480.0,1,70,415,[79, 24],[79, 25]
481.0,2,84,403,[86, 12],[87, 13]
481.0,1,70,415,[79, 24],[79, 25]
482.0,1,70,413,[78, 25],[75, 23]
482.0,2,84,401,[86, 13],[83, 16]
483.0,2,84,401,[86, 13],[83, 16]
483.0,1,70,413,[78, 25],[75, 23]
484.0,1,70,412,[77, 25],[75, 23]
484.0,2,84,400,[85, 14],[83, 16]
485.0,1,70,410,[75, 23],null
485.0,2,84,398,[83, 16],null
486.0,2,84,397,[84, 17],[85, 18]
486.0,1,70,409,[74, 22],[72, 20]
487.0,2,84,396,[85, 18],null
487.0,1,70,408,[73, 21],[72, 20]
488.0,1,70,408,[73, 21],[72, 20]
488.0,2,84,396,[85, 18],null
489.0,1,70,406,[73, 19],[72, 20]
489.0,2,84,394,[85, 20],[83, 22]
490.0,1,70,406,[73, 19],[72, 20]
490.0,2,84,394,[85, 20],[83, 22]
491.0,1,70,405,[73, 18],[72, 20]
491.0,2,84,393,[84, 21],[83, 22]
492.0,2,84,391,[84, 21],[86, 19]
492.0,1,70,403,[74, 18],[72, 20]
493.0,1,70,403,[74, 18],[72, 20]
493.0,2,84,391,[84, 21],[86, 19]
494.0,2,84,389,[86, 19],null
494.0,1,70,401,[73, 19],[72, 20]
495.0,2,84,388,[86, 20],[87, 22]
495.0,1,70,400,[73, 20],[72, 20]
496.0,1,70,400,[73, 20],[72, 20]
496.0,2,84,388,[86, 20],[87, 22]
497.0,1,70,398,[72, 22],[72, 20]
497.0,2,84,386,[87, 22],null
498.0,1,70,397,[71, 21],[72, 20]
498.0,2,84,385,[86, 22],null
499.0,2,84,384,[85, 21],[84, 20]
499.0,1,70,396,[71, 20],[72, 20]
500.0,1,70,395,[70, 19],[72, 20]
500.0,2,84,383,[84, 20],null
501.0,2,84,383,[84, 20],null
501.0,1,70,395,[70, 19],[72, 20]
502.0,1,70,394,[71, 19],[72, 20]
502.0,2,84,382,[84, 21],[85, 23]
503.0,2,84,381,[84, 22],[85, 23]
503.0,1,70,393,[72, 20],null
504.0,2,84,379,[85, 24],[82, 27]
504.0,1,70,391,[73, 18],[75, 16]
505.0,2,84,379,[85, 24],[82, 27]
505.0,1,70,391,[73, 18],[75, 16]
506.0,1,70,390,[74, 17],[75, 16]
506.0,2,84,378,[84, 25],[82, 27]
507.0,2,84,377,[83, 26],[82, 27]
507.0,1,70,389,[75, 16],null
508.0,1,70,388,[76, 17],[78, 19]
508.0,2,84,375,[83, 27],[85, 29]
509.0,1,70,387,[77, 18],[78, 19]
509.0,2,84,374,[84, 28],[85, 29]
510.0,1,70,387,[77, 18],[78, 19]
510.0,2,84,374,[84, 28],[85, 29]
511.0,2,84,373,[85, 29],null
511.0,1,70,385,[78, 20],[81, 23]
512.0,2,84,373,[85, 29],null
512.0,1,70,385,[78, 20],[81, 23]
513.0,2,84,371,[83, 29],[82, 30]
513.0,1,70,384,[79, 21],[81, 23]
514.0,1,70,383,[80, 22],[81, 23]
514.0,2,84,370,[82, 30],null
515.0,1,70,382,[81, 23],null
515.0,2,84,369,[83, 30],[86, 31]
516.0,1,70,381,[80, 23],[77, 22]
516.0,2,84,368,[84, 30],[86, 31]
517.0,1,70,380,[79, 23],[77, 22]
517.0,2,84,367,[85, 30],[86, 31]
518.0,2,84,367,[85, 30],[86, 31]
518.0,1,70,380,[79, 23],[77, 22]
519.0,1,70,378,[77, 22],null
519.0,2,84,365,[86, 30],[88, 27]
520.0,1,70,377,[77, 21],[77, 18]
520.0,2,84,364,[86, 29],[88, 27]
521.0,1,70,377,[77, 21],[77, 18]
521.0,2,84,364,[86, 29],[88, 27]
522.0,1,70,375,[77, 19],[77, 18]
522.0,2,84,362,[88, 27],null
523.0,1,70,375,[77, 19],[77, 18]
523.0,2,84,362,[88, 27],null
524.0,2,84,361,[87, 26],[86, 24]
524.0,1,70,374,[77, 18],null
525.0,2,84,359,[86, 24],null
525.0,1,70,372,[79, 18],[81, 17]
526.0,2,84,358,[86, 23],[88, 20]
526.0,1,70,371,[80, 18],[81, 17]
527.0,1,70,370,[81, 17],null
527.0,2,84,357,[86, 22],[88, 20]
528.0,2,84,357,[86, 22],[88, 20]
528.0,1,70,370,[81, 17],null
529.0,1,70,368,[83, 19],[85, 21]
529.0,2,84,355,[88, 20],null
530.0,1,70,367,[84, 20],[85, 21]
530.0,2,84,354,[87, 21],[84, 24]
531.0,2,84,354,[87, 21],[84, 24]
531.0,1,70,367,[84, 20],[85, 21]
532.0,1,70,366,[85, 21],null
532.0,2,84,353,[86, 22],[84, 24]
533.0,2,84,352,[85, 23],[84, 24]
533.0,1,70,365,[84, 21],[81, 21]
534.0,2,84,350,[85, 25],null
534.0,1,70,363,[82, 21],[81, 21]
535.0,2,84,349,[84, 25],[81, 24]
535.0,1,70,362,[81, 21],null
536.0,1,70,362,[81, 21],null
536.0,2,84,349,[84, 25],[81, 24]
537.0,1,70,360,[80, 23],[78, 25]
537.0,2,84,347,[82, 25],[81, 24]
538.0,1,70,359,[79, 24],[78, 25]
538.0,2,84,346,[81, 24],null
539.0,1,70,358,[78, 25],null
539.0,2,84,345,[82, 24],[83, 24]
540.0,2,84,345,[82, 24],[83, 24]
540.0,1,70,358,[78, 25],null
541.0,1,70,357,[79, 25],[80, 26]
541.0,2,84,344,[83, 24],null
542.0,2,84,342,[82, 26],[80, 28]
542.0,1,70,355,[79, 26],[76, 26]
543.0,2,84,342,[82, 26],[80, 28]
543.0,1,70,355,[79, 26],[76, 26]
544.0,1,70,354,[78, 26],[76, 26]
544.0,2,84,341,[81, 27],[80, 28]
545.0,2,84,339,[81, 29],[82, 30]
545.0,1,70,352,[76, 26],null
546.0,2,84,338,[82, 30],null
546.0,1,70,351,[75, 27],[73, 29]
547.0,1,70,350,[74, 28],[73, 29]
547.0,2,84,337,[83, 30],[85, 32]
548.0,1,70,350,[74, 28],[73, 29]
548.0,2,84,337,[83, 30],[85, 32]
549.0,1,70,349,[73, 29],null
549.0,2,84,336,[84, 31],[85, 32]
550.0,2,84,334,[86, 32],[89, 34]
550.0,1,70,347,[75, 28],[77, 26]
551.0,1,70,347,[75, 28],[77, 26]
551.0,2,84,334,[86, 32],[89, 34]
552.0,1,70,345,[77, 26],null
552.0,2,84,332,[88, 33],[89, 34]
553.0,2,84,331,[89, 34],null
553.0,1,70,344,[77, 27],[78, 29]
554.0,2,84,330,[88, 33],[86, 31]
554.0,1,70,343,[77, 28],[78, 29]
555.0,2,84,330,[88, 33],[86, 31]
555.0,1,70,343,[77, 28],[78, 29]
556.0,1,70,341,[78, 28],[78, 26]
556.0,2,84,328,[86, 31],null
557.0,1,70,340,[78, 27],[78, 26]
557.0,2,84,327,[85, 31],[82, 33]
558.0,1,70,339,[78, 26],null
558.0,2,84,326,[84, 31],[82, 33]
559.0,1,70,339,[78, 26],null
559.0,2,84,326,[84, 31],[82, 33]
560.0,2,84,325,[83, 32],[82, 33]
560.0,1,70,338,[78, 27],[81, 30]
561.0,1,70,336,[80, 29],[81, 30]
561.0,2,84,323,[81, 33],[79, 32]
562.0,2,84,323,[81, 33],[79, 32]
562.0,1,70,336,[80, 29],[81, 30]
563.0,1,70,334,[81, 31],[80, 32]
563.0,2,84,321,[79, 32],null
564.0,1,70,334,[81, 31],[80, 32]
564.0,2,84,321,[79, 32],null
565.0,2,84,320,[79, 33],[79, 35]
565.0,1,70,333,[80, 32],null
566.0,2,84,319,[79, 34],[79, 35]
566.0,1,70,332,[81, 32],[82, 31]
567.0,2,84,317,[79, 36],[77, 38]
567.0,1,70,330,[81, 30],[79, 28]
568.0,2,84,316,[78, 37],[77, 38]
568.0,1,70,329,[80, 29],[79, 28]
569.0,1,70,328,[79, 28],null
569.0,2,84,315,[77, 38],null
570.0,1,70,327,[80, 28],[83, 25]
570.0,2,91,315,[77, 38],null
571.0,1,70,326,[81, 27],[83, 25]
571.0,2,91,314,[78, 38],[80, 37]
572.0,1,70,325,[82, 26],[83, 25]
572.0,2,91,313,[79, 38],[80, 37]
573.0,2,91,312,[80, 37],null
573.0,1,70,324,[83, 25],null
574.0,2,91,312,[80, 37],null
574.0,1,70,323,[84, 25],[87, 22]
575.0,1,70,323,[84, 25],[87, 22]
575.0,2,91,312,[80, 37],null
576.0,1,70,321,[86, 23],[87, 22]
576.0,2,91,310,[78, 37],[77, 38]
577.0,1,70,321,[86, 23],[87, 22]
577.0,2,91,310,[78, 37],[77, 38]
578.0,2,91,309,[77, 38],null
578.0,1,70,320,[87, 22],null
579.0,2,101,308,[76, 38],[73, 35]
579.0,1,70,318,[89, 21],[90, 22]
580.0,1,70,317,[90, 22],null
580.0,2,101,307,[75, 37],[73, 35]
581.0,2,101,307,[75, 37],[73, 35]
581.0,1,70,317,[90, 22],null
582.0,2,101,305,[73, 35],null
582.0,1,70,315,[90, 22],[87, 23]
583.0,1,70,315,[90, 22],[87, 23]
583.0,2,101,305,[73, 35],null
584.0,1,70,314,[89, 22],[87, 23]
584.0,2,101,305,[73, 35],null
585.0,1,70,312,[87, 22],[87, 23]
585.0,2,101,303,[71, 33],null
586.0,2,101,303,[71, 33],null
586.0,1,70,312,[87, 22],[87, 23]
587.0,1,70,311,[87, 23],null
587.0,2,101,302,[70, 33],[67, 33]
588.0,2,101,300,[68, 33],[67, 33]
588.0,1,70,309,[87, 21],[88, 19]
589.0,1,70,309,[87, 21],[88, 19]
589.0,2,101,300,[68, 33],[67, 33]
590.0,2,101,298,[67, 32],[65, 29]
590.0,1,70,307,[88, 19],null
591.0,1,70,307,[88, 19],null
591.0,2,101,298,[67, 32],[65, 29]
592.0,2,101,297,[67, 31],[65, 29]
592.0,1,70,306,[87, 19],[84, 22]
593.0,1,70,305,[86, 20],[84, 22]
593.0,2,101,296,[66, 30],[65, 29]
594.0,1,70,303,[84, 22],null
594.0,2,106,295,[65, 29],null
595.0,2,106,294,[66, 29],[69, 32]
595.0,1,70,302,[83, 22],[82, 22]
596.0,2,106,293,[67, 30],[69, 32]
596.0,1,70,301,[82, 22],null
597.0,2,106,292,[68, 31],[69, 32]
597.0,1,70,300,[82, 23],[83, 26]
598.0,1,70,300,[82, 23],[83, 26]
598.0,2,106,292,[68, 31],[69, 32]
599.0,1,70,299,[82, 24],[83, 26]
599.0,2,106,291,[69, 32],null
600.0,2,106,290,[69, 33],[69, 36]
600.0,1,70,298,[82, 25],[83, 26]
601.0,2,106,288,[69, 35],[69, 36]
601.0,1,70,296,[83, 27],[81, 30]
602.0,1,70,295,[83, 28],[81, 30]
602.0,2,106,287,[69, 36],null
603.0,1,70,294,[82, 29],[81, 30]
603.0,2,106,286,[68, 36],[65, 35]
604.0,1,70,294,[82, 29],[81, 30]
604.0,2,106,286,[68, 36],[65, 35]
605.0,2,106,285,[67, 36],[65, 35]
605.0,1,70,293,[81, 30],null
606.0,1,70,292,[81, 29],[82, 27]
606.0,2,106,284,[66, 36],[65, 35]
607.0,2,106,283,[65, 35],null
607.0,1,70,290,[82, 27],null
608.0,1,70,290,[82, 27],null
608.0,2,106,283,[65, 35],null
609.0,1,70,288,[82, 29],null
609.0,2,106,281,[63, 35],[61, 35]
610.0,2,106,281,[63, 35],[61, 35]
610.0,1,70,288,[82, 29],null
611.0,1,70,287,[83, 28],[86, 25]
611.0,2,106,280,[62, 35],[61, 35]
612.0,1,70,285,[85, 26],[86, 25]
612.0,2,114,279,[61, 35],null
613.0,1,70,285,[85, 26],[86, 25]
613.0,2,114,279,[61, 35],null
614.0,1,70,283,[86, 24],[84, 22]
614.0,2,114,277,[59, 34],[57, 32]
615.0,2,114,276,[58, 33],[57, 32]
615.0,1,70,282,[85, 23],[84, 22]
616.0,1,70,282,[85, 23],[84, 22]
616.0,2,114,276,[58, 33],[57, 32]
617.0,2,114,275,[57, 32],null
617.0,1,70,281,[84, 22],null
618.0,2,114,273,[57, 34],[58, 36]
618.0,1,70,279,[86, 22],[87, 21]
619.0,1,70,278,[87, 21],null
619.0,2,114,272,[57, 35],[58, 36]
620.0,2,114,271,[58, 36],null
620.0,1,70,277,[87, 22],[87, 25]
621.0,1,70,276,[87, 23],[87, 25]
621.0,2,114,270,[59, 37],[62, 40]
622.0,1,70,275,[87, 24],[87, 25]
622.0,2,114,269,[60, 38],[62, 40]
623.0,1,70,274,[87, 25],null
623.0,2,114,268,[61, 39],[62, 40]
624.0,2,114,267,[62, 40],null
624.0,1,70,273,[88, 25],[89, 25]
625.0,1,70,272,[89, 25],null
625.0,2,114,266,[62, 39],[62, 38]
626.0,2,114,266,[62, 39],[62, 38]
626.0,1,70,272,[89, 25],null
627.0,1,70,270,[91, 26],[93, 28]
627.0,2,114,264,[63, 39],[64, 40]
628.0,1,70,270,[91, 26],[93, 28]
628.0,2,114,264,[63, 39],[64, 40]
629.0,1,70,268,[93, 28],null
629.0,2,114,262,[64, 39],[66, 36]
630.0,1,70,268,[93, 28],null
630.0,2,114,262,[64, 39],[66, 36]
631.0,2,114,260,[65, 37],[66, 36]
631.0,1,70,266,[95, 28],null
632.0,1,70,265,[95, 27],[92, 24]
632.0,2,114,259,[66, 36],null
633.0,2,114,259,[66, 36],null
633.0,1,70,265,[95, 27],[92, 24]
634.0,2,114,257,[64, 35],[62, 33]
634.0,1,70,263,[93, 25],[92, 24]
635.0,1,70,263,[93, 25],[92, 24]
635.0,2,114,257,[64, 35],[62, 33]
636.0,2,114,255,[62, 33],null
636.0,1,70,261,[92, 23],[93, 22]
637.0,2,114,254,[62, 32],[61, 30]
637.0,1,70,260,[93, 22],null
638.0,1,70,259,[92, 22],[90, 22]
638.0,2,114,253,[62, 31],[61, 30]
639.0,2,114,252,[61, 30],null
639.0,1,70,258,[91, 22],[90, 22]
640.0,2,114,251,[62, 30],[65, 28]
640.0,1,70,257,[90, 22],null
641.0,1,70,256,[91, 22],[93, 21]
641.0,2,114,250,[63, 30],[65, 28]
642.0,2,114,249,[64, 29],[65, 28]
642.0,1,70,255,[92, 22],[93, 21]
643.0,2,114,249,[64, 29],[65, 28]
643.0,1,70,255,[92, 22],[93, 21]
644.0,1,70,253,[94, 21],[96, 19]
644.0,2,114,247,[64, 27],null
645.0,2,114,246,[65, 27],[68, 24]
645.0,1,70,252,[95, 20],[96, 19]
646.0,2,114,246,[65, 27],[68, 24]
646.0,1,70,252,[95, 20],[96, 19]
647.0,1,70,250,[95, 19],[92, 16]
647.0,2,114,244,[67, 25],[68, 24]
648.0,1,70,250,[95, 19],[92, 16]
648.0,2,114,244,[67, 25],[68, 24]
649.0,1,70,249,[94, 18],[92, 16]
649.0,2,114,243,[68, 24],null
650.0,1,70,248,[93, 17],[92, 16]
650.0,2,114,242,[69, 24],[72, 23]
651.0,1,70,247,[92, 16],null
651.0,2,114,241,[70, 24],[72, 23]
652.0,2,114,239,[72, 23],null
652.0,1,70,245,[92, 14],[93, 12]
653.0,1,70,245,[92, 14],[93, 12]
653.0,2,114,239,[72, 23],null
654.0,2,114,239,[72, 23],null
654.0,1,70,244,[92, 13],[93, 12]
655.0,1,70,243,[93, 12],null
655.0,2,114,238,[72, 24],[65, 39]
656.0,2,114,237,[71, 25],[65, 39]
656.0,1,73,243,[93, 12],null
657.0,1,73,242,[94, 12],[96, 13]
657.0,2,114,236,[70, 26],[65, 39]
658.0,1,73,241,[95, 12],[96, 13]
658.0,2,114,235,[69, 27],[65, 39]
659.0,2,114,233,[67, 29],[65, 39]
659.0,1,73,239,[95, 13],[93, 12]
660.0,1,73,238,[94, 13],[93, 12]
660.0,2,114,232,[66, 30],[65, 39]
661.0,1,73,238,[94, 13],[93, 12]
661.0,2,114,232,[66, 30],[65, 39]
662.0,1,73,236,[92, 12],[90, 10]
662.0,2,114,230,[64, 32],[65, 39]
663.0,2,114,229,[63, 33],[65, 39]
663.0,1,73,235,[91, 11],[90, 10]
664.0,2,114,228,[62, 34],[65, 39]
664.0,1,73,234,[90, 10],null
665.0,2,114,227,[63, 35],[65, 39]
665.0,1,73,233,[90, 11],[90, 12]
666.0,1,73,232,[90, 12],null
666.0,2,114,226,[63, 36],[65, 39]
667.0,1,73,232,[90, 12],null
667.0,2,114,226,[63, 36],[65, 39]
668.0,2,114,224,[64, 38],[65, 39]
668.0,1,73,230,[90, 10],[90, 9]
669.0,2,114,224,[64, 38],[65, 39]
669.0,1,73,230,[90, 10],[90, 9]
670.0,1,73,229,[90, 9],null
670.0,2,114,223,[65, 39],null
671.0,1,73,228,[90, 10],[89, 13]
671.0,2,119,223,[65, 39],null
672.0,2,119,221,[66, 41],[67, 42]
672.0,1,73,226,[90, 12],[89, 13]
673.0,2,119,221,[66, 41],[67, 42]
673.0,1,73,226,[90, 12],[89, 13]
674.0,1,73,225,[89, 13],null
674.0,2,119,220,[67, 42],null
675.0,1,73,223,[89, 11],[90, 10]
675.0,2,119,218,[66, 41],null
676.0,2,119,218,[66, 41],null
676.0,1,73,223,[89, 11],[90, 10]
677.0,2,119,217,[67, 41],[70, 41]
677.0,1,73,222,[90, 10],null
678.0,2,119,215,[69, 41],[70, 41]
678.0,1,73,220,[88, 11],[86, 13]
679.0,2,119,214,[70, 41],null
679.0,1,73,219,[87, 12],[86, 13]
680.0,2,119,213,[70, 42],[71, 44]
680.0,1,73,218,[86, 13],null
681.0,1,73,218,[86, 13],null
681.0,2,119,213,[70, 42],[71, 44]
682.0,2,119,211,[71, 44],null
682.0,1,73,216,[88, 13],null
683.0,2,119,211,[71, 44],null
683.0,1,73,216,[88, 13],null
684.0,2,119,210,[70, 44],null
684.0,1,73,215,[88, 14],[89, 15]
685.0,2,119,208,[70, 46],null
685.0,1,73,213,[90, 15],[92, 13]
686.0,2,119,208,[70, 46],null
686.0,1,73,213,[90, 15],[92, 13]
687.0,1,73,212,[91, 14],[92, 13]
687.0,2,119,207,[69, 46],[66, 45]
688.0,2,119,205,[67, 46],[66, 45]
688.0,1,73,210,[92, 14],null
689.0,1,73,209,[91, 13],[88, 10]
689.0,2,119,204,[66, 45],null
690.0,2,119,203,[65, 45],[62, 48]
690.0,1,73,208,[90, 12],[88, 10]
691.0,1,73,207,[89, 11],[88, 10]
691.0,2,119,202,[64, 46],[62, 48]
692.0,2,119,201,[63, 47],[62, 48]
692.0,1,73,206,[88, 10],null
693.0,1,73,206,[88, 10],null
693.0,2,119,201,[63, 47],[62, 48]
694.0,1,73,205,[87, 10],[85, 11]
694.0,2,119,200,[62, 48],null
695.0,2,119,199,[62, 49],[61, 2]
695.0,1,73,204,[86, 10],[85, 11]
696.0,2,119,198,[62, 0],[61, 2]
696.0,1,73,203,[85, 11],null
697.0,1,73,201,[83, 9],null
697.0,2,119,196,[61, 2],null
698.0,1,73,200,[84, 8],[85, 7]
698.0,2,119,195,[61, 1],[62, 48]
699.0,2,119,194,[61, 0],[62, 48]
699.0,1,73,199,[85, 7],null
700.0,1,73,198,[84, 7],[81, 8]
700.0,2,119,193,[61, 49],[62, 48]
701.0,2,119,193,[61, 49],[62, 48]
701.0,1,73,198,[84, 7],[81, 8]
702.0,2,119,192,[62, 48],null
702.0,1,73,197,[83, 7],[81, 8]
703.0,1,73,196,[82, 7],[81, 8]
703.0,2,119,191,[63, 47],[64, 46]
704.0,2,119,190,[64, 46],null
704.0,1,73,195,[81, 8],null
705.0,1,73,194,[81, 7],[81, 6]
705.0,2,119,189,[65, 47],null
706.0,1,73,193,[81, 6],null
706.0,2,119,188,[64, 47],null
707.0,1,73,191,[83, 5],[85, 3]
707.0,2,119,186,[62, 47],[60, 45]
708.0,2,119,186,[62, 47],[60, 45]
708.0,1,73,191,[83, 5],[85, 3]
709.0,1,73,189,[85, 3],null
709.0,2,119,184,[60, 45],null
710.0,2,119,183,[60, 44],[62, 42]
710.0,1,73,188,[84, 3],[84, 4]
711.0,2,119,182,[61, 43],[62, 42]
711.0,1,73,187,[84, 4],null
712.0,1,73,186,[85, 5],[87, 7]
712.0,2,119,181,[62, 42],null
713.0,1,73,186,[85, 5],[87, 7]
713.0,2,119,181,[62, 42],null
714.0,1,73,184,[87, 7],null
714.0,2,119,179,[64, 43],null
715.0,2,119,178,[65, 43],[66, 42]
715.0,1,73,183,[87, 6],[87, 3]
716.0,2,119,178,[65, 43],[66, 42]
716.0,1,73,183,[87, 6],[87, 3]
717.0,2,119,177,[66, 42],null
717.0,1,73,182,[87, 5],[87, 3]
718.0,1,73,180,[87, 3],null
718.0,2,119,175,[68, 42],[70, 42]
719.0,1,73,180,[87, 3],null
719.0,2,119,175,[68, 42],[70, 42]
720.0,1,73,178,[87, 5],null
720.0,2,119,173,[70, 42],null
721.0,1,73,178,[87, 5],null
721.0,2,119,173,[70, 42],null
722.0,2,119,173,[70, 42],null
722.0,1,73,177,[88, 4],[90, 2]
723.0,1,73,176,[89, 3],[90, 2]
723.0,2,119,172,[69, 41],[66, 38]
724.0,1,73,175,[90, 2],null
724.0,2,119,171,[68, 40],[66, 38]
725.0,1,73,173,[92, 4],[94, 6]
725.0,2,119,169,[66, 38],null
726.0,1,73,172,[93, 5],[94, 6]
726.0,2,119,168,[65, 38],[62, 40]
727.0,2,119,168,[65, 38],[62, 40]
727.0,1,73,172,[93, 5],[94, 6]
728.0,1,73,171,[94, 6],null
728.0,2,119,167,[64, 38],[62, 40]
729.0,2,119,166,[63, 39],[62, 40]
729.0,1,73,170,[94, 7],[94, 9]
730.0,2,119,164,[64, 41],[74, 48]
730.0,1,73,168,[94, 9],null
731.0,1,73,168,[94, 9],null
731.0,2,119,164,[64, 41],[74, 48]
732.0,2,119,163,[65, 41],[74, 48]
732.0,1,73,167,[94, 8],[95, 6]
733.0,2,119,161,[67, 42],[74, 48]
733.0,1,73,165,[93, 6],[74, 48]
734.0,2,119,161,[67, 42],[74, 48]
734.0,1,73,165,[93, 6],[74, 48]
735.0,2,119,159,[68, 43],[74, 48]
735.0,1,73,163,[91, 4],[74, 48]
736.0,2,119,158,[69, 44],[74, 48]
736.0,1,73,162,[90, 3],[74, 48]
737.0,2,119,158,[69, 44],[74, 48]
737.0,1,73,162,[90, 3],[74, 48]
738.0,1,73,160,[88, 1],[74, 48]
738.0,2,119,156,[69, 46],[74, 48]
739.0,1,73,160,[88, 1],[74, 48]
739.0,2,119,156,[69, 46],[74, 48]
740.0,1,73,158,[86, 49],[74, 48]
740.0,2,119,154,[70, 48],[74, 48]
741.0,2,119,154,[70, 48],[74, 48]
741.0,1,73,158,[86, 49],[74, 48]
742.0,1,73,157,[85, 48],[74, 48]
742.0,2,119,153,[71, 48],[74, 48]
743.0,2,119,151,[73, 48],[74, 48]
743.0,1,73,155,[83, 46],[74, 48]
744.0,1,73,154,[82, 45],[74, 48]
744.0,2,119,500,[74, 48],null
745.0,2,119,499,[74, 47],[75, 46]
745.0,1,73,153,[81, 44],[74, 48]
746.0,2,119,498,[75, 46],null
746.0,1,73,152,[80, 45],[74, 48]
747.0,2,119,498,[75, 46],null
747.0,1,73,152,[80, 45],[74, 48]
748.0,2,119,497,[74, 46],[71, 48]
748.0,1,73,151,[79, 46],[74, 48]
749.0,1,73,150,[78, 45],[74, 48]
749.0,2,119,496,[73, 46],[71, 48]
750.0,1,73,148,[76, 46],[74, 48]
750.0,2,119,494,[71, 48],null
751.0,2,119,494,[71, 48],null
751.0,1,73,148,[76, 46],[74, 48]
752.0,2,119,492,[71, 46],[73, 44]
752.0,1,73,500,[74, 48],null
753.0,2,119,491,[72, 45],[73, 44]
753.0,1,73,499,[74, 49],null
754.0,2,119,490,[73, 44],null
754.0,1,73,498,[75, 49],[77, 0]
755.0,1,73,497,[76, 49],[77, 0]
755.0,2,119,489,[73, 45],[70, 48]
756.0,1,73,497,[76, 49],[77, 0]
756.0,2,119,489,[73, 45],[70, 48]
757.0,1,73,496,[77, 0],null
757.0,2,119,488,[72, 46],[70, 48]
758.0,1,73,494,[75, 1],[74, 2]
758.0,2,119,486,[70, 48],null
759.0,1,73,494,[75, 1],[74, 2]
759.0,2,119,486,[70, 48],null
760.0,2,119,484,[70, 0],[69, 2]
760.0,1,73,492,[75, 2],[78, 49]
761.0,2,119,483,[70, 1],[69, 2]
761.0,1,73,491,[76, 1],[78, 49]
762.0,1,73,490,[77, 0],[78, 49]
762.0,2,119,482,[69, 2],null
763.0,2,119,481,[69, 3],[68, 5]
763.0,1,73,489,[78, 49],null
764.0,2,119,481,[69, 3],[68, 5]
764.0,1,73,489,[78, 49],null
765.0,2,119,479,[68, 5],null
765.0,1,73,487,[80, 49],[81, 49]
766.0,2,119,478,[68, 6],[69, 9]
766.0,1,73,486,[81, 49],null
767.0,2,119,477,[68, 7],[69, 9]
767.0,1,73,485,[80, 48],[80, 49]
768.0,2,119,476,[68, 8],[69, 9]
768.0,1,73,484,[80, 49],null
769.0,1,73,483,[81, 49],[83, 47]
769.0,2,119,475,[69, 9],null
770.0,2,119,474,[70, 9],[73, 7]
770.0,1,73,482,[82, 48],[83, 47]
771.0,1,73,482,[82, 48],[83, 47]
771.0,2,119,474,[70, 9],[73, 7]
772.0,2,119,473,[71, 9],[73, 7]
772.0,1,73,481,[83, 47],null
773.0,2,119,471,[73, 7],null
773.0,1,73,479,[81, 46],[80, 45]
774.0,1,73,479,[81, 46],[80, 45]
774.0,2,119,471,[73, 7],null
775.0,2,119,470,[72, 7],[69, 10]
775.0,1,73,478,[80, 45],null
776.0,2,119,468,[70, 9],[69, 10]
776.0,1,73,476,[79, 43],[77, 41]
777.0,1,73,476,[79, 43],[77, 41]
777.0,2,119,468,[70, 9],[69, 10]
778.0,1,73,475,[78, 42],[77, 41]
778.0,2,119,467,[69, 10],null
779.0,2,119,466,[70, 10],[73, 7]
779.0,1,73,474,[77, 41],null
780.0,1,73,472,[79, 41],[81, 39]
780.0,2,119,464,[72, 8],[73, 7]
781.0,2,119,463,[73, 7],null
781.0,1,73,471,[80, 40],[81, 39]
782.0,2,119,462,[73, 8],[71, 11]
782.0,1,73,470,[81, 39],null
783.0,2,119,461,[73, 9],[71, 11]
783.0,1,73,469,[80, 39],[80, 40]
784.0,1,73,469,[80, 39],[80, 40]
784.0,2,119,461,[73, 9],[71, 11]
785.0,1,73,468,[80, 40],null
785.0,2,119,460,[72, 10],[71, 11]
786.0,1,73,466,[80, 39],[82, 40]
786.0,2,119,458,[71, 10],[71, 7]
787.0,1,73,465,[81, 39],[82, 40]
787.0,2,119,457,[71, 9],[71, 7]
788.0,2,119,457,[71, 9],[71, 7]
788.0,1,73,465,[81, 39],[82, 40]
789.0,1,73,464,[82, 40],null
789.0,2,119,456,[71, 8],[71, 7]
790.0,1,73,463,[82, 41],[81, 44]
790.0,2,119,455,[71, 7],null
791.0,1,73,461,[82, 43],[81, 44]
791.0,2,119,453,[72, 9],null
792.0,2,119,452,[72, 10],[72, 12]
792.0,1,73,460,[81, 44],null
793.0,2,119,451,[72, 11],[72, 12]
793.0,1,73,459,[81, 43],[80, 42]
794.0,1,73,458,[80, 42],null
794.0,2,119,450,[72, 12],null
795.0,1,73,458,[80, 42],null
795.0,2,119,450,[72, 12],null
796.0,1,73,457,[81, 42],null
796.0,2,119,449,[71, 12],[69, 13]
797.0,1,73,455,[79, 43],[78, 44]
797.0,2,119,447,[69, 13],null
798.0,2,119,446,[69, 14],[72, 17]
798.0,1,73,454,[78, 44],null
799.0,2,119,446,[69, 14],[72, 17]
799.0,1,73,454,[78, 44],null
800.0,1,73,452,[76, 43],[75, 42]
800.0,2,119,444,[71, 16],[72, 17]
801.0,2,119,444,[71, 16],[72, 17]
801.0,1,73,452,[76, 43],[75, 42]
802.0,1,73,450,[76, 42],null
802.0,2,119,442,[72, 18],[72, 20]
803.0,2,119,441,[72, 19],[72, 20]
803.0,1,73,449,[77, 42],[79, 43]
804.0,2,119,441,[72, 19],[72, 20]
804.0,1,73,449,[77, 42],[79, 43]
805.0,2,119,439,[73, 20],[76, 17]
805.0,1,73,447,[79, 43],null
806.0,2,119,438,[74, 19],[76, 17]
806.0,1,73,446,[79, 44],[79, 46]
807.0,2,119,437,[75, 18],[76, 17]
807.0,1,73,446,[79, 44],[79, 46]
808.0,2,119,437,[75, 18],[76, 17]
808.0,1,73,446,[79, 44],[79, 46]
809.0,2,119,436,[76, 17],null
809.0,1,73,445,[79, 45],[79, 46]
810.0,2,119,434,[78, 16],[79, 15]
810.0,1,73,443,[80, 46],[82, 47]
811.0,2,119,434,[78, 16],[79, 15]
811.0,1,73,443,[80, 46],[82, 47]
812.0,1,73,442,[81, 46],[82, 47]
812.0,2,119,433,[79, 15],null
813.0,1,73,441,[82, 47],null
813.0,2,119,432,[80, 15],[83, 15]
814.0,1,73,439,[82, 45],[82, 44]
814.0,2,119,430,[82, 15],[83, 15]
815.0,2,119,429,[83, 15],null
815.0,1,73,438,[82, 44],null
816.0,1,73,438,[82, 44],null
816.0,2,119,429,[83, 15],null
817.0,2,119,427,[83, 13],[83, 11]
817.0,1,73,436,[83, 46],null
818.0,2,119,426,[83, 12],[83, 11]
818.0,1,73,435,[83, 47],[81, 0]
819.0,1,73,435,[83, 47],[81, 0]
819.0,2,119,426,[83, 12],[83, 11]
820.0,2,119,425,[83, 11],null
820.0,1,73,434,[83, 48],[81, 0]
821.0,1,73,433,[82, 49],[81, 0]
821.0,2,119,424,[84, 11],[87, 12]
822.0,1,73,432,[81, 0],null
822.0,2,119,423,[85, 11],[87, 12]
823.0,1,73,430,[81, 48],[81, 47]
823.0,2,119,421,[87, 12],null
824.0,1,73,430,[81, 48],[81, 47]
824.0,2,119,421,[87, 12],null
825.0,1,73,429,[81, 47],null
825.0,2,119,420,[87, 13],[89, 16]
826.0,2,119,419,[87, 14],[89, 16]
826.0,1,73,428,[81, 48],[80, 0]
827.0,1,73,427,[81, 49],[80, 0]
827.0,2,119,418,[88, 15],[89, 16]
828.0,1,73,426,[80, 0],null
828.0,2,119,417,[89, 16],null
829.0,1,73,425,[79, 1],[78, 2]
829.0,2,119,416,[89, 15],[87, 13]
830.0,2,119,414,[87, 13],null
830.0,1,73,423,[79, 3],[81, 5]
831.0,1,73,422,[80, 4],[81, 5]
831.0,2,119,413,[88, 13],[91, 16]
832.0,1,73,421,[81, 5],null
832.0,2,119,412,[89, 14],[91, 16]
833.0,1,73,420,[80, 5],[77, 8]
833.0,2,119,411,[90, 15],[91, 16]
834.0,2,119,411,[90, 15],[91, 16]
834.0,1,73,420,[80, 5],[77, 8]
835.0,1,73,418,[78, 7],[77, 8]
835.0,2,119,409,[92, 17],null
836.0,2,119,408,[91, 16],[90, 15]
836.0,1,73,417,[77, 8],null
837.0,2,119,407,[90, 15],null
837.0,1,73,416,[77, 9],[78, 11]
838.0,2,119,406,[90, 16],[91, 16]
838.0,1,73,415,[77, 10],[78, 11]
839.0,1,73,415,[77, 10],[78, 11]
839.0,2,119,406,[90, 16],[91, 16]
840.0,2,119,405,[91, 15],[91, 16]
840.0,1,73,414,[78, 11],null
841.0,1,73,412,[76, 11],[74, 11]
841.0,2,119,403,[91, 16],null
842.0,2,119,403,[91, 16],null
842.0,1,73,412,[76, 11],[74, 11]
843.0,2,119,402,[91, 17],[92, 20]
843.0,1,73,411,[75, 11],[74, 11]
844.0,2,119,400,[91, 19],[92, 20]
844.0,1,73,409,[74, 12],[73, 13]
845.0,2,119,400,[91, 19],[92, 20]
845.0,1,73,409,[74, 12],[73, 13]
846.0,1,73,407,[72, 13],[70, 11]
846.0,2,119,398,[91, 21],[89, 23]
847.0,1,73,407,[72, 13],[70, 11]
847.0,2,119,398,[91, 21],[89, 23]
848.0,2,119,396,[89, 23],null
848.0,1,73,405,[70, 11],null
849.0,2,119,396,[89, 23],null
849.0,1,73,405,[70, 11],null
850.0,1,73,403,[72, 11],[73, 11]
850.0,2,119,394,[91, 23],[93, 21]
851.0,2,119,394,[91, 23],[93, 21]
851.0,1,73,403,[72, 11],[73, 11]
852.0,2,119,392,[93, 21],null
852.0,1,73,401,[73, 12],[74, 14]
853.0,2,119,392,[93, 21],null
853.0,1,73,401,[73, 12],[74, 14]
854.0,2,119,390,[93, 23],[93, 24]
854.0,1,73,399,[74, 14],null
855.0,1,73,398,[74, 13],[71, 10]
855.0,2,119,389,[93, 24],null
856.0,1,73,397,[73, 12],[71, 10]
856.0,2,119,388,[94, 24],[96, 25]
857.0,2,119,387,[95, 24],[96, 25]
857.0,1,73,396,[72, 11],[71, 10]
858.0,2,119,386,[96, 25],null
858.0,1,73,395,[71, 10],null
859.0,1,73,394,[71, 11],[71, 14]
859.0,2,119,385,[96, 24],[98, 21]
860.0,1,73,393,[71, 12],[71, 14]
860.0,2,119,384,[96, 23],[98, 21]
861.0,2,119,384,[96, 23],[98, 21]
861.0,1,73,393,[71, 12],[71, 14]
862.0,2,119,382,[98, 21],null
862.0,1,73,391,[71, 14],null
863.0,1,73,391,[71, 14],null
863.0,2,119,382,[98, 21],null
864.0,1,73,389,[70, 12],[68, 10]
864.0,2,119,380,[0, 23],[2, 25]
865.0,1,73,388,[69, 11],[68, 10]
865.0,2,119,379,[1, 24],[2, 25]
866.0,1,73,387,[68, 10],null
866.0,2,119,378,[2, 25],null
867.0,1,73,387,[68, 10],null
867.0,2,119,378,[2, 25],null
868.0,2,119,376,[0, 25],[99, 24]
868.0,1,73,385,[67, 8],null
869.0,2,119,375,[99, 24],null
869.0,1,73,384,[66, 8],[63, 7]
870.0,1,73,384,[66, 8],[63, 7]
870.0,2,119,375,[99, 24],null
871.0,1,73,383,[65, 8],[63, 7]
871.0,2,119,374,[98, 24],[95, 22]
872.0,2,119,372,[96, 23],[95, 22]
872.0,1,73,381,[63, 7],null
873.0,1,73,381,[63, 7],null
873.0,2,119,372,[96, 23],[95, 22]
874.0,1,73,379,[62, 5],null
874.0,2,119,370,[95, 23],[92, 26]
875.0,2,119,370,[95, 23],[92, 26]
875.0,1,73,379,[62, 5],null
876.0,2,119,368,[93, 25],[92, 26]
876.0,1,73,377,[64, 4],[65, 3]
877.0,1,73,377,[64, 4],[65, 3]
877.0,2,119,368,[93, 25],[92, 26]
878.0,1,73,375,[66, 3],[68, 2]
878.0,2,119,366,[93, 26],[95, 26]
879.0,1,73,374,[67, 3],[68, 2]
879.0,2,119,365,[94, 26],[95, 26]
880.0,2,119,365,[94, 26],[95, 26]
880.0,1,73,374,[67, 3],[68, 2]
881.0,1,73,373,[68, 2],null
881.0,2,119,364,[95, 26],null
882.0,1,73,371,[70, 2],[71, 2]
882.0,2,119,362,[97, 26],[99, 26]
883.0,2,119,361,[98, 26],[99, 26]
883.0,1,73,370,[71, 2],null
884.0,1,73,369,[70, 2],[68, 2]
884.0,2,119,360,[99, 26],null
885.0,1,73,369,[70, 2],[68, 2]
885.0,2,119,360,[99, 26],null
886.0,2,119,358,[97, 25],[96, 24]
886.0,1,73,367,[68, 2],null
887.0,1,73,366,[69, 1],[71, 49]
887.0,2,119,357,[96, 24],null
888.0,1,73,365,[70, 0],[71, 49]
888.0,2,119,356,[97, 24],[0, 22]
889.0,1,73,364,[71, 49],null
889.0,2,119,355,[98, 24],[0, 22]
890.0,2,119,355,[98, 24],[0, 22]
890.0,1,73,364,[71, 49],null
891.0,1,73,363,[70, 48],[68, 46]
891.0,2,119,354,[99, 23],[0, 22]
892.0,1,73,362,[69, 47],[68, 46]
892.0,2,119,353,[0, 22],null
893.0,1,73,361,[68, 46],null
893.0,2,119,352,[0, 23],[3, 26]
894.0,2,119,350,[2, 25],[3, 26]
894.0,1,73,359,[66, 46],[64, 44]
895.0,2,119,350,[2, 25],[3, 26]
895.0,1,73,359,[66, 46],[64, 44]
896.0,2,119,348,[4, 26],[6, 28]
896.0,1,73,357,[64, 44],null
897.0,1,73,357,[64, 44],null
897.0,2,119,348,[4, 26],[6, 28]
898.0,2,119,347,[5, 27],[6, 28]
898.0,1,81,357,[64, 44],null
899.0,1,81,356,[63, 44],[61, 44]
899.0,2,119,346,[6, 28],null
900.0,2,119,344,[7, 30],[9, 32]
900.0,1,81,354,[61, 44],null
901.0,1,81,354,[61, 44],null
901.0,2,119,344,[7, 30],[9, 32]
902.0,2,119,343,[8, 31],[9, 32]
902.0,1,81,353,[60, 44],[59, 43]
903.0,1,81,351,[60, 43],null
903.0,2,119,341,[8, 31],[7, 30]
904.0,1,81,350,[60, 42],[58, 40]
904.0,2,119,340,[7, 30],null
905.0,1,81,350,[60, 42],[58, 40]
905.0,2,119,340,[7, 30],null
906.0,1,81,348,[58, 40],null
906.0,2,119,338,[6, 32],null
907.0,2,119,337,[7, 31],[9, 29]
907.0,1,81,347,[58, 41],[59, 43]
908.0,1,81,346,[58, 42],[59, 43]
908.0,2,119,336,[8, 30],[9, 29]
909.0,2,119,336,[8, 30],[9, 29]
909.0,1,81,346,[58, 42],[59, 43]
910.0,1,81,344,[58, 43],[55, 44]
910.0,2,119,334,[10, 30],[12, 32]
911.0,1,81,343,[57, 43],[55, 44]
911.0,2,119,333,[11, 31],[12, 32]
912.0,2,119,332,[12, 32],null
912.0,1,81,342,[56, 43],[55, 44]
913.0,2,119,331,[13, 32],[14, 31]
913.0,1,81,341,[55, 44],null
914.0,2,119,330,[14, 31],null
914.0,1,81,340,[54, 43],[53, 42]
915.0,2,119,330,[14, 31],null
915.0,1,81,340,[54, 43],[53, 42]
916.0,2,119,328,[15, 29],[15, 27]
916.0,1,84,339,[53, 42],null
917.0,1,84,338,[52, 43],[50, 45]
917.0,2,119,327,[15, 28],[15, 27]
918.0,1,84,337,[51, 44],[50, 45]
918.0,2,119,326,[15, 27],null
919.0,2,119,326,[15, 27],null
919.0,1,84,337,[51, 44],[50, 45]
920.0,1,84,335,[50, 46],null
920.0,2,119,324,[15, 25],[15, 24]
921.0,1,84,335,[50, 46],null
921.0,2,119,324,[15, 25],[15, 24]
922.0,1,84,333,[52, 44],null
922.0,2,119,322,[16, 24],[17, 23]
923.0,1,84,333,[52, 44],null
923.0,2,119,322,[16, 24],[17, 23]
924.0,2,119,321,[17, 23],null
924.0,1,84,332,[51, 44],[48, 42]
925.0,1,84,331,[50, 44],[48, 42]
925.0,2,119,320,[17, 24],[20, 27]
926.0,1,84,329,[48, 42],null
926.0,2,119,318,[19, 26],[20, 27]
927.0,2,119,318,[19, 26],[20, 27]
927.0,1,84,329,[48, 42],null
928.0,2,119,316,[20, 28],[21, 29]
928.0,1,84,327,[50, 42],[52, 43]
929.0,2,119,315,[21, 29],null
929.0,1,84,326,[51, 42],[52, 43]
930.0,1,84,326,[51, 42],[52, 43]
930.0,2,119,315,[21, 29],null
931.0,2,119,313,[20, 27],[18, 25]
931.0,1,84,324,[51, 42],[49, 40]
932.0,1,84,323,[50, 41],[49, 40]
932.0,2,119,312,[19, 26],[18, 25]
933.0,2,119,311,[18, 25],null
933.0,1,84,322,[49, 40],null
934.0,1,84,322,[49, 40],null
934.0,2,119,311,[18, 25],null
935.0,1,84,321,[50, 41],[51, 44]
935.0,2,119,310,[19, 25],[22, 25]
936.0,1,84,319,[50, 43],[51, 44]
936.0,2,119,308,[21, 25],[22, 25]
937.0,2,119,308,[21, 25],[22, 25]
937.0,1,84,319,[50, 43],[51, 44]
938.0,1,84,317,[50, 43],[49, 42]
938.0,2,119,306,[22, 24],[24, 21]
939.0,1,84,317,[50, 43],[49, 42]
939.0,2,119,306,[22, 24],[24, 21]
940.0,1,84,315,[50, 41],[52, 38]
940.0,2,119,304,[23, 22],[24, 21]
941.0,1,84,314,[50, 40],[52, 38]
941.0,2,119,303,[24, 21],null
942.0,1,84,313,[51, 39],[52, 38]
942.0,2,119,302,[24, 20],[23, 19]
943.0,1,84,312,[52, 38],null
943.0,2,119,301,[23, 19],null
944.0,2,119,300,[22, 18],[20, 16]
944.0,1,84,311,[53, 39],[54, 40]
945.0,1,84,311,[53, 39],[54, 40]
945.0,2,119,300,[22, 18],[20, 16]
946.0,1,84,310,[54, 40],null
946.0,2,119,299,[21, 17],[20, 16]
947.0,1,84,308,[56, 39],[58, 37]
947.0,2,119,297,[21, 16],[22, 15]
948.0,1,84,307,[57, 38],[58, 37]
948.0,2,119,296,[22, 15],null
949.0,1,84,306,[58, 37],null
949.0,2,119,295,[22, 16],[24, 19]
950.0,1,84,305,[59, 38],[62, 41]
950.0,2,119,294,[22, 17],[24, 19]
951.0,2,119,293,[23, 18],[24, 19]
951.0,1,84,304,[60, 39],[62, 41]
952.0,2,119,292,[24, 19],null
952.0,1,84,303,[61, 40],[62, 41]
953.0,1,84,303,[61, 40],[62, 41]
953.0,2,119,292,[24, 19],null
954.0,1,84,302,[62, 41],null
954.0,2,119,291,[24, 20],[21, 23]
955.0,2,119,289,[22, 22],[21, 23]
955.0,1,84,300,[62, 43],[61, 44]
956.0,2,119,289,[22, 22],[21, 23]
956.0,1,84,300,[62, 43],[61, 44]
957.0,1,84,299,[61, 44],null
957.0,2,119,288,[21, 23],null
958.0,1,84,297,[59, 43],[56, 46]
958.0,2,119,286,[21, 21],[21, 20]
959.0,2,119,285,[21, 20],null
959.0,1,84,296,[58, 44],[56, 46]
960.0,1,84,295,[57, 45],[56, 46]
960.0,2,119,284,[21, 21],[22, 23]
961.0,2,119,283,[21, 22],[22, 23]
961.0,1,84,294,[56, 46],null
962.0,1,84,294,[56, 46],null
962.0,2,119,283,[21, 22],[22, 23]
963.0,2,119,281,[23, 23],[25, 22]
963.0,1,84,292,[55, 45],[55, 42]
964.0,2,119,280,[24, 23],[25, 22]
964.0,1,84,291,[55, 44],[55, 42]
965.0,2,119,280,[24, 23],[25, 22]
965.0,1,84,291,[55, 44],[55, 42]
966.0,1,84,289,[55, 42],null
966.0,2,119,278,[24, 22],[22, 20]
967.0,2,119,277,[23, 21],[22, 20]
967.0,1,84,288,[54, 41],[52, 39]
968.0,1,84,287,[53, 40],[52, 39]
968.0,2,119,276,[22, 20],null
969.0,1,84,286,[52, 39],null
969.0,2,119,275,[22, 19],[21, 16]
970.0,1,84,286,[52, 39],null
970.0,2,119,275,[22, 19],[21, 16]
971.0,2,119,274,[22, 18],[21, 16]
971.0,1,84,285,[51, 39],[49, 37]
972.0,2,119,272,[21, 16],null
972.0,1,84,283,[49, 37],null
973.0,2,119,272,[21, 16],null
973.0,1,84,283,[49, 37],null
974.0,1,84,282,[49, 36],[49, 35]
974.0,2,119,271,[22, 16],[24, 14]
975.0,1,84,280,[48, 35],[46, 36]
975.0,2,119,269,[24, 14],null
976.0,2,119,269,[24, 14],null
976.0,1,84,280,[48, 35],[46, 36]
977.0,1,84,279,[47, 35],[46, 36]
977.0,2,119,268,[23, 14],[22, 14]
978.0,1,84,277,[47, 36],[49, 37]
978.0,2,119,266,[22, 13],[24, 10]
979.0,2,119,266,[22, 13],[24, 10]
979.0,1,84,277,[47, 36],[49, 37]
980.0,1,84,276,[48, 36],[49, 37]
980.0,2,119,265,[22, 12],[24, 10]
981.0,2,119,264,[23, 11],[24, 10]
981.0,1,84,275,[49, 37],null
982.0,1,84,274,[49, 38],[48, 40]
982.0,2,119,263,[24, 10],null
983.0,2,119,262,[24, 9],[25, 7]
983.0,1,84,273,[49, 39],[48, 40]
984.0,2,119,260,[25, 7],null
984.0,1,84,271,[47, 40],[44, 37]
985.0,2,119,260,[25, 7],null
985.0,1,84,271,[47, 40],[44, 37]
986.0,1,84,270,[46, 39],[44, 37]
986.0,2,119,259,[26, 7],[29, 6]
987.0,1,84,269,[45, 38],[44, 37]
987.0,2,119,258,[27, 7],[29, 6]
988.0,2,119,256,[29, 6],null
988.0,1,84,267,[44, 38],[44, 40]
989.0,1,84,267,[44, 38],[44, 40]
989.0,2,119,256,[29, 6],null
990.0,1,84,266,[44, 39],[44, 40]
990.0,2,129,256,[29, 6],null
991.0,2,129,254,[29, 5],[30, 5]
991.0,1,84,264,[43, 40],[42, 40]
992.0,2,129,253,[30, 5],null
992.0,1,84,263,[42, 40],null
993.0,1,84,262,[43, 40],[46, 40]
993.0,2,129,252,[31, 5],[33, 7]
994.0,1,84,261,[44, 40],[46, 40]
994.0,2,129,251,[32, 6],[33, 7]
995.0,2,129,251,[32, 6],[33, 7]
995.0,1,84,261,[44, 40],[46, 40]
996.0,2,129,250,[33, 7],null
996.0,1,84,260,[45, 40],[46, 40]
997.0,2,129,248,[33, 5],[32, 4]
997.0,1,84,258,[47, 40],[50, 40]
998.0,1,84,258,[47, 40],[50, 40]
998.0,2,129,248,[33, 5],[32, 4]
999.0,2,129,247,[32, 4],null
999.0,1,84,257,[48, 40],[50, 40]
1000.0,2,129,245,[30, 6],[29, 7]
1000.0,1,84,255,[50, 40],null
